ISO-10303-21;
HEADER;
FILE_DESCRIPTION (( 'STEP AP214' ),
    '1' );
FILE_NAME ('Accessory.STEP',
    '2025-08-08T04:49:35',
    ( '' ),
    ( '' ),
    'SwSTEP 2.0',
    'SolidWorks 2024',
    '' );
FILE_SCHEMA (( 'AUTOMOTIVE_DESIGN' ));
ENDSEC;

DATA;
#1 = DIRECTION ( 'NONE',  ( -0.7071067811865456854, -0.7071067811865494601, -0.000000000000000000 ) ) ;
#2 = DIRECTION ( 'NONE',  ( -0.000000000000000000, 1.000000000000000000, -0.000000000000000000 ) ) ;
#3 = CARTESIAN_POINT ( 'NONE',  ( 73.34222098313875904, 32.50000000000001421, -69.64915704550963937 ) ) ;
#4 = LINE ( 'NONE', #2521, #2117 ) ;
#5 = LINE ( 'NONE', #2510, #1714 ) ;
#6 = CARTESIAN_POINT ( 'NONE',  ( 16.20300000000002782, -42.50000000000000000, -55.09999999999997300 ) ) ;
#7 = LINE ( 'NONE', #2487, #198 ) ;
#8 = ADVANCED_FACE ( 'NONE', ( #2670 ), #2452, .F. ) ;
#9 = EDGE_CURVE ( 'NONE', #2407, #1286, #1631, .T. ) ;
#10 = CARTESIAN_POINT ( 'NONE',  ( 60.00000000000000711, 42.50000000000000000, -3.000000000000000000 ) ) ;
#11 = ORIENTED_EDGE ( 'NONE', *, *, #2008, .T. ) ;
#12 = CARTESIAN_POINT ( 'NONE',  ( 29.99999999999999645, 42.50000000000000000, -60.00000000000000711 ) ) ;
#13 = CARTESIAN_POINT ( 'NONE',  ( 47.00000000000000000, 42.50000000000000000, -3.000000000000000000 ) ) ;
#14 = CARTESIAN_POINT ( 'NONE',  ( 42.50000000000000000, 32.50000000000000000, -20.00000000000000000 ) ) ;
#15 = FACE_OUTER_BOUND ( 'NONE', #2662, .T. ) ;
#16 = DIRECTION ( 'NONE',  ( 1.000000000000000000, 0.000000000000000000, -7.381802025433222780E-17 ) ) ;
#17 = DIRECTION ( 'NONE',  ( 1.000000000000000000, 0.000000000000000000, -0.000000000000000000 ) ) ;
#18 = AXIS2_PLACEMENT_3D ( 'NONE', #766, #2035, #349 ) ;
#19 = ORIENTED_EDGE ( 'NONE', *, *, #720, .T. ) ;
#20 = ADVANCED_FACE ( 'NONE', ( #395 ), #2264, .F. ) ;
#21 = VECTOR ( 'NONE', #2101, 1000.000000000000000 ) ;
#22 = DIRECTION ( 'NONE',  ( 0.000000000000000000, 0.000000000000000000, -1.000000000000000000 ) ) ;
#23 = ADVANCED_FACE ( 'NONE', ( #2256 ), #387, .F. ) ;
#24 = VERTEX_POINT ( 'NONE', #1252 ) ;
#25 = VECTOR ( 'NONE', #2453, 1000.000000000000000 ) ;
#26 = ORIENTED_EDGE ( 'NONE', *, *, #40, .F. ) ;
#27 = CARTESIAN_POINT ( 'NONE',  ( 67.01270565239013877, 34.48315854865425933, -70.27827759142398634 ) ) ;
#28 = CARTESIAN_POINT ( 'NONE',  ( 37.50000000000000000, 32.49900000000000233, -20.00000000000000000 ) ) ;
#29 = AXIS2_PLACEMENT_3D ( 'NONE', #526, #268, #281 ) ;
#30 = CARTESIAN_POINT ( 'NONE',  ( 50.10000000000000853, -77.72675581599834516, -26.20300000000014506 ) ) ;
#31 = VECTOR ( 'NONE', #636, 1000.000000000000000 ) ;
#32 = LINE ( 'NONE', #859, #822 ) ;
#33 = ORIENTED_EDGE ( 'NONE', *, *, #1389, .F. ) ;
#34 = CYLINDRICAL_SURFACE ( 'NONE', #2373, 12.99999999999999112 ) ;
#35 = ORIENTED_EDGE ( 'NONE', *, *, #2273, .T. ) ;
#36 = CARTESIAN_POINT ( 'NONE',  ( 15.00000000000000000, 42.50000000000000000, -20.00000000000000000 ) ) ;
#37 = ORIENTED_EDGE ( 'NONE', *, *, #1303, .T. ) ;
#38 = ORIENTED_EDGE ( 'NONE', *, *, #1608, .T. ) ;
#39 = CARTESIAN_POINT ( 'NONE',  ( 59.84960688384700234, 52.50099999999999767, -78.19202367649563712 ) ) ;
#40 = EDGE_CURVE ( 'NONE', #964, #1309, #2540, .T. ) ;
#41 = DIRECTION ( 'NONE',  ( -1.000000000000000000, 0.000000000000000000, 7.381802025433222780E-17 ) ) ;
#42 = VECTOR ( 'NONE', #1874, 1000.000000000000000 ) ;
#43 = LINE ( 'NONE', #53, #1777 ) ;
#44 = ADVANCED_FACE ( 'NONE', ( #1677 ), #2076, .F. ) ;
#45 = ORIENTED_EDGE ( 'NONE', *, *, #534, .F. ) ;
#46 = CARTESIAN_POINT ( 'NONE',  ( 0.9999999999999874545, -42.50000000000000000, -69.99999999999998579 ) ) ;
#47 = CARTESIAN_POINT ( 'NONE',  ( 70.25327537669261346, 34.02585677860420077, -66.39251429912845026 ) ) ;
#48 = EDGE_LOOP ( 'NONE', ( #316, #905 ) ) ;
#49 = ORIENTED_EDGE ( 'NONE', *, *, #2103, .F. ) ;
#50 = DIRECTION ( 'NONE',  ( -0.000000000000000000, 1.000000000000000000, -0.000000000000000000 ) ) ;
#51 = PLANE ( 'NONE',  #628 ) ;
#52 = LINE ( 'NONE', #64, #504 ) ;
#53 = CARTESIAN_POINT ( 'NONE',  ( 25.00000000000000711, 122.7079728939614824, 5.204170427930421283E-15 ) ) ;
#54 = EDGE_CURVE ( 'NONE', #1605, #67, #2473, .T. ) ;
#55 = ORIENTED_EDGE ( 'NONE', *, *, #1118, .T. ) ;
#56 = CARTESIAN_POINT ( 'NONE',  ( 73.20622763827223878, 31.38848443062713756, -69.42485888331454191 ) ) ;
#57 = ORIENTED_EDGE ( 'NONE', *, *, #2136, .T. ) ;
#58 = EDGE_CURVE ( 'NONE', #1259, #1881, #1240, .T. ) ;
#59 = FACE_OUTER_BOUND ( 'NONE', #561, .T. ) ;
#60 = EDGE_LOOP ( 'NONE', ( #1921, #1601, #1774, #265, #2323, #1053, #1368, #1477 ) ) ;
#61 = EDGE_LOOP ( 'NONE', ( #1090, #2311, #345, #1748, #1208, #226 ) ) ;
#62 =( NAMED_UNIT ( * ) SI_UNIT ( $, .STERADIAN. ) SOLID_ANGLE_UNIT ( ) );
#63 = DIRECTION ( 'NONE',  ( -0.000000000000000000, 1.000000000000000000, -0.000000000000000000 ) ) ;
#64 = CARTESIAN_POINT ( 'NONE',  ( 0.9999999999999861222, 32.50000000000000000, -60.10000000000000142 ) ) ;
#65 = CARTESIAN_POINT ( 'NONE',  ( 50.10000000000000853, -77.72675581599834516, -3.000000000000000888 ) ) ;
#66 = VECTOR ( 'NONE', #1443, 1000.000000000000000 ) ;
#67 = VERTEX_POINT ( 'NONE', #184 ) ;
#68 = CARTESIAN_POINT ( 'NONE',  ( 65.00000000000000000, 52.50000000000000000, 12.84999999999999787 ) ) ;
#69 = CARTESIAN_POINT ( 'NONE',  ( 69.80668707720600707, 32.50000000000001421, -66.11362313957690162 ) ) ;
#70 = VECTOR ( 'NONE', #153, 1000.000000000000000 ) ;
#71 = ORIENTED_EDGE ( 'NONE', *, *, #54, .F. ) ;
#72 = EDGE_CURVE ( 'NONE', #683, #1745, #1036, .T. ) ;
#73 = EDGE_CURVE ( 'NONE', #1627, #569, #2459, .T. ) ;
#74 = LINE ( 'NONE', #1964, #1296 ) ;
#75 = VERTEX_POINT ( 'NONE', #2036 ) ;
#76 = ORIENTED_EDGE ( 'NONE', *, *, #1752, .F. ) ;
#77 = CARTESIAN_POINT ( 'NONE',  ( 6.101500000000002366, 42.50000000000000000, -69.99999999999998579 ) ) ;
#78 = CARTESIAN_POINT ( 'NONE',  ( 0.000000000000000000, 42.50000000000000000, 0.000000000000000000 ) ) ;
#79 = DIRECTION ( 'NONE',  ( 0.7071067811865544561, 0.000000000000000000, -0.7071067811865405783 ) ) ;
#80 = CARTESIAN_POINT ( 'NONE',  ( 64.72792206135784454, 42.50000000000000000, -64.72792206135787296 ) ) ;
#81 = ORIENTED_EDGE ( 'NONE', *, *, #923, .F. ) ;
#82 = AXIS2_PLACEMENT_3D ( 'NONE', #312, #1594, #2645 ) ;
#83 = DIRECTION ( 'NONE',  ( 1.000000000000000000, 0.000000000000000000, 0.000000000000000000 ) ) ;
#84 = CARTESIAN_POINT ( 'NONE',  ( -15.00000000000000000, 52.50099999999999767, 12.85000000000000142 ) ) ;
#85 = ORIENTED_EDGE ( 'NONE', *, *, #2442, .T. ) ;
#86 = VECTOR ( 'NONE', #631, 1000.000000000000000 ) ;
#87 = B_SPLINE_CURVE_WITH_KNOTS ( 'NONE', 3,
 ( #69, #1144, #301, #2155, #488, #1101, #2579, #679, #99, #2609, #2374, #1962, #1527, #1512, #2360, #2332, #1729, #899, #1497, #464, #1293, #503, #114, #694, #1336, #708, #56, #2550, #475, #1540, #2129, #262 ),
 .UNSPECIFIED., .F., .F.,
 ( 4, 2, 2, 2, 2, 2, 2, 2, 2, 2, 2, 2, 2, 2, 2, 4 ),
 ( 0.007847307272594561053, 0.008827953951929432344, 0.009318277291596874928, 0.009808600631264319247, 0.01029892397093176183, 0.01078924731059920442, 0.01127957065026664700, 0.01176989398993408958, 0.01226021732960153390, 0.01275054066926897649, 0.01324086400893641907, 0.01373118734860386166, 0.01422151068827130424, 0.01471183402793874856, 0.01520215736760619114, 0.01569248070727363373 ),
 .UNSPECIFIED. ) ;
#88 = EDGE_CURVE ( 'NONE', #1009, #2552, #2062, .T. ) ;
#89 = CARTESIAN_POINT ( 'NONE',  ( 72.02769875391443577, 34.98392326822813914, -67.89129898378615735 ) ) ;
#90 = EDGE_LOOP ( 'NONE', ( #2562, #514, #771, #2628 ) ) ;
#91 = ORIENTED_EDGE ( 'NONE', *, *, #102, .F. ) ;
#92 = ADVANCED_FACE ( 'NONE', ( #1879 ), #2305, .T. ) ;
#93 = LINE ( 'NONE', #1830, #1674 ) ;
#94 = CYLINDRICAL_SURFACE ( 'NONE', #1421, 2.149999999999997247 ) ;
#95 = LINE ( 'NONE', #922, #1550 ) ;
#96 = DIRECTION ( 'NONE',  ( 1.156482317317871478E-16, 0.000000000000000000, 1.000000000000000000 ) ) ;
#97 = VERTEX_POINT ( 'NONE', #425 ) ;
#98 = CARTESIAN_POINT ( 'NONE',  ( 37.50000000000000000, 42.50000000000000000, -17.85000000000000142 ) ) ;
#99 = CARTESIAN_POINT ( 'NONE',  ( 70.63818852620919131, 30.51274237917774812, -66.66024967380090516 ) ) ;
#100 = ORIENTED_EDGE ( 'NONE', *, *, #2229, .T. ) ;
#101 = CARTESIAN_POINT ( 'NONE',  ( 73.16455438918669074, 33.75421750517809016, -69.35839366040221421 ) ) ;
#102 = EDGE_CURVE ( 'NONE', #853, #235, #2486, .T. ) ;
#103 = ORIENTED_EDGE ( 'NONE', *, *, #852, .F. ) ;
#104 = ORIENTED_EDGE ( 'NONE', *, *, #1668, .F. ) ;
#105 = CARTESIAN_POINT ( 'NONE',  ( 11.10150000000001036, 42.49999999999998579, -90.00000000000000000 ) ) ;
#106 = DIRECTION ( 'NONE',  ( 0.000000000000000000, 0.000000000000000000, 1.000000000000000000 ) ) ;
#107 = EDGE_CURVE ( 'NONE', #2190, #2251, #1050, .T. ) ;
#108 = CARTESIAN_POINT ( 'NONE',  ( 65.00000000000000000, 52.50099999999999767, 15.00000000000000000 ) ) ;
#109 = VECTOR ( 'NONE', #2228, 1000.000000000000000 ) ;
#110 = CARTESIAN_POINT ( 'NONE',  ( 37.50000000000000000, 42.50000000000000000, -22.14999999999999858 ) ) ;
#111 = ORIENTED_EDGE ( 'NONE', *, *, #2524, .T. ) ;
#112 = CARTESIAN_POINT ( 'NONE',  ( 47.00000000000000000, 42.50000000000000000, -3.000000000000000000 ) ) ;
#113 = CIRCLE ( 'NONE', #1064, 2.149999999999997247 ) ;
#114 = CARTESIAN_POINT ( 'NONE',  ( 72.87054822467337090, 30.61672466422278660, -68.92178444407622351 ) ) ;
#115 = ORIENTED_EDGE ( 'NONE', *, *, #1967, .T. ) ;
#116 = DIRECTION ( 'NONE',  ( -0.7071067811865435759, -0.000000000000000000, 0.7071067811865514585 ) ) ;
#117 = VECTOR ( 'NONE', #1023, 1000.000000000000000 ) ;
#118 = CIRCLE ( 'NONE', #500, 9.999999999999994671 ) ;
#119 = AXIS2_PLACEMENT_3D ( 'NONE', #623, #1019, #397 ) ;
#120 = DIRECTION ( 'NONE',  ( -0.000000000000000000, -0.000000000000000000, -1.000000000000000000 ) ) ;
#121 = ORIENTED_EDGE ( 'NONE', *, *, #2136, .F. ) ;
#122 = ORIENTED_EDGE ( 'NONE', *, *, #1603, .T. ) ;
#123 = DIRECTION ( 'NONE',  ( -0.000000000000000000, 1.000000000000000000, -0.000000000000000000 ) ) ;
#124 = DIRECTION ( 'NONE',  ( -1.000000000000000000, -0.000000000000000000, -0.000000000000000000 ) ) ;
#125 = DIRECTION ( 'NONE',  ( 0.000000000000000000, 0.000000000000000000, -1.000000000000000000 ) ) ;
#126 = FACE_OUTER_BOUND ( 'NONE', #1272, .T. ) ;
#127 = VERTEX_POINT ( 'NONE', #2664 ) ;
#128 = DIRECTION ( 'NONE',  ( 0.000000000000000000, 0.000000000000000000, -1.000000000000000000 ) ) ;
#129 = CARTESIAN_POINT ( 'NONE',  ( 80.00000000000000000, 52.50000000000000000, 7.000000000000006217 ) ) ;
#130 = ORIENTED_EDGE ( 'NONE', *, *, #2258, .F. ) ;
#131 = LINE ( 'NONE', #2239, #2368 ) ;
#132 = ADVANCED_FACE ( 'NONE', ( #209 ), #613, .T. ) ;
#133 = CIRCLE ( 'NONE', #1950, 2.149999999999997247 ) ;
#134 = VECTOR ( 'NONE', #2528, 1000.000000000000000 ) ;
#135 = VERTEX_POINT ( 'NONE', #6 ) ;
#136 = VERTEX_POINT ( 'NONE', #194 ) ;
#137 = DIRECTION ( 'NONE',  ( 0.000000000000000000, 0.000000000000000000, -1.000000000000000000 ) ) ;
#138 = DIRECTION ( 'NONE',  ( 0.000000000000000000, 0.9734171683335759440, -0.2290393337255473838 ) ) ;
#139 = LINE ( 'NONE', #355, #2042 ) ;
#140 = ORIENTED_EDGE ( 'NONE', *, *, #236, .T. ) ;
#141 = CARTESIAN_POINT ( 'NONE',  ( 69.55755119280317444, 32.50000000000001421, -73.43382683584518134 ) ) ;
#142 = FACE_OUTER_BOUND ( 'NONE', #215, .T. ) ;
#143 = VERTEX_POINT ( 'NONE', #2511 ) ;
#144 = EDGE_CURVE ( 'NONE', #2162, #632, #639, .T. ) ;
#145 = CARTESIAN_POINT ( 'NONE',  ( -28.99999999999999645, 52.50000000000000000, 30.00000000000000000 ) ) ;
#146 = EDGE_CURVE ( 'NONE', #1530, #489, #999, .T. ) ;
#147 = PRODUCT_DEFINITION_SHAPE ( 'NONE', 'NONE',  #2319 ) ;
#148 = EDGE_LOOP ( 'NONE', ( #2529, #439, #417, #1954, #1433, #2254, #2601 ) ) ;
#149 = CARTESIAN_POINT ( 'NONE',  ( 0.9999999999999861222, -32.70000000000000284, -60.10000000000000142 ) ) ;
#150 = CARTESIAN_POINT ( 'NONE',  ( 47.00000000000000000, 52.50000000000000711, -60.00000000000000711 ) ) ;
#151 = VERTEX_POINT ( 'NONE', #1446 ) ;
#152 = DIRECTION ( 'NONE',  ( -0.000000000000000000, -0.000000000000000000, -1.000000000000000000 ) ) ;
#153 = DIRECTION ( 'NONE',  ( -0.000000000000000000, -1.000000000000000000, -0.000000000000000000 ) ) ;
#154 = ORIENTED_EDGE ( 'NONE', *, *, #743, .F. ) ;
#155 = CARTESIAN_POINT ( 'NONE',  ( 56.99999999999999289, 52.50000000000000000, -67.00000000000000000 ) ) ;
#156 = AXIS2_PLACEMENT_3D ( 'NONE', #2650, #2624, #780 ) ;
#157 = VECTOR ( 'NONE', #83, 1000.000000000000000 ) ;
#158 = ADVANCED_FACE ( 'NONE', ( #587 ), #1422, .F. ) ;
#159 = AXIS2_PLACEMENT_3D ( 'NONE', #78, #1567, #936 ) ;
#160 = AXIS2_PLACEMENT_3D ( 'NONE', #1739, #79, #297 ) ;
#161 = VERTEX_POINT ( 'NONE', #530 ) ;
#162 = EDGE_CURVE ( 'NONE', #2634, #1683, #2578, .T. ) ;
#163 = FACE_BOUND ( 'NONE', #1464, .T. ) ;
#164 =( NAMED_UNIT ( * ) PLANE_ANGLE_UNIT ( ) SI_UNIT ( $, .RADIAN. ) );
#165 = DIRECTION ( 'NONE',  ( 1.000000000000000000, -0.000000000000000000, -0.000000000000000000 ) ) ;
#166 = ORIENTED_EDGE ( 'NONE', *, *, #1119, .F. ) ;
#167 = FACE_OUTER_BOUND ( 'NONE', #413, .T. ) ;
#168 = CARTESIAN_POINT ( 'NONE',  ( 80.00000000000001421, 42.50000000000012790, -12.10150000000007786 ) ) ;
#169 = ORIENTED_EDGE ( 'NONE', *, *, #1776, .F. ) ;
#170 = DIRECTION ( 'NONE',  ( 1.284980352575412453E-16, 0.000000000000000000, 1.000000000000000000 ) ) ;
#171 = CARTESIAN_POINT ( 'NONE',  ( -15.00000000000000000, 42.50000000000000000, -75.00000000000000000 ) ) ;
#172 = DIRECTION ( 'NONE',  ( -0.000000000000000000, 1.000000000000000000, -0.000000000000000000 ) ) ;
#173 = VECTOR ( 'NONE', #96, 1000.000000000000000 ) ;
#174 = ORIENTED_EDGE ( 'NONE', *, *, #2507, .F. ) ;
#175 = EDGE_CURVE ( 'NONE', #700, #803, #751, .T. ) ;
#176 = DIRECTION ( 'NONE',  ( 0.000000000000000000, -0.000000000000000000, -1.000000000000000000 ) ) ;
#177 = EDGE_CURVE ( 'NONE', #1151, #1530, #1993, .T. ) ;
#178 = LINE ( 'NONE', #1644, #737 ) ;
#179 = EDGE_LOOP ( 'NONE', ( #776, #848, #1960, #740 ) ) ;
#180 = DIRECTION ( 'NONE',  ( 0.000000000000000000, 0.000000000000000000, -1.000000000000000000 ) ) ;
#181 = DIRECTION ( 'NONE',  ( 0.000000000000000000, 0.000000000000000000, 1.000000000000000000 ) ) ;
#182 = ORIENTED_EDGE ( 'NONE', *, *, #2057, .F. ) ;
#183 = CARTESIAN_POINT ( 'NONE',  ( 50.00000000000000000, 42.50000000000000000, -2.999999999999999112 ) ) ;
#184 = CARTESIAN_POINT ( 'NONE',  ( 37.50000000000000000, 32.50000000000000000, -17.85000000000000142 ) ) ;
#185 = CARTESIAN_POINT ( 'NONE',  ( 42.50000000000000000, 32.49900000000000233, -22.14999999999999858 ) ) ;
#186 = VERTEX_POINT ( 'NONE', #68 ) ;
#187 = DIRECTION ( 'NONE',  ( -0.000000000000000000, 1.000000000000000000, -0.000000000000000000 ) ) ;
#188 = CARTESIAN_POINT ( 'NONE',  ( 56.99999999999999289, 52.50000000000000000, 30.00000000000000000 ) ) ;
#189 = ADVANCED_FACE ( 'NONE', ( #1743 ), #487, .T. ) ;
#190 = ORIENTED_EDGE ( 'NONE', *, *, #1322, .T. ) ;
#191 = DIRECTION ( 'NONE',  ( 0.000000000000000000, 0.000000000000000000, -1.000000000000000000 ) ) ;
#192 = DIRECTION ( 'NONE',  ( -1.000000000000000000, -0.000000000000000000, -0.000000000000000000 ) ) ;
#193 = FACE_OUTER_BOUND ( 'NONE', #1599, .T. ) ;
#194 = CARTESIAN_POINT ( 'NONE',  ( -8.999999999999987566, 32.50000000000000000, -69.99999999999998579 ) ) ;
#195 = FACE_OUTER_BOUND ( 'NONE', #2503, .T. ) ;
#196 = VECTOR ( 'NONE', #805, 1000.000000000000000 ) ;
#197 = MECHANICAL_DESIGN_GEOMETRIC_PRESENTATION_REPRESENTATION (  '', ( #234 ), #495 ) ;
#198 = VECTOR ( 'NONE', #2269, 1000.000000000000000 ) ;
#199 = ORIENTED_EDGE ( 'NONE', *, *, #1022, .T. ) ;
#200 = VECTOR ( 'NONE', #1453, 1000.000000000000000 ) ;
#201 = VECTOR ( 'NONE', #1226, 1000.000000000000000 ) ;
#202 = CARTESIAN_POINT ( 'NONE',  ( 47.00000000000000000, 52.50000000000000000, 2.168404344971008868E-15 ) ) ;
#203 = VERTEX_POINT ( 'NONE', #1319 ) ;
#204 = DIRECTION ( 'NONE',  ( 0.000000000000000000, 0.000000000000000000, -1.000000000000000000 ) ) ;
#205 = ORIENTED_EDGE ( 'NONE', *, *, #1951, .F. ) ;
#206 = DIRECTION ( 'NONE',  ( -0.000000000000000000, 1.000000000000000000, -0.000000000000000000 ) ) ;
#207 = DIRECTION ( 'NONE',  ( 0.000000000000000000, 0.000000000000000000, 1.000000000000000000 ) ) ;
#208 = DIRECTION ( 'NONE',  ( 0.000000000000000000, 0.000000000000000000, -1.000000000000000000 ) ) ;
#209 = FACE_OUTER_BOUND ( 'NONE', #1080, .T. ) ;
#210 = DIRECTION ( 'NONE',  ( 0.000000000000000000, 0.000000000000000000, -1.000000000000000000 ) ) ;
#211 = ADVANCED_FACE ( 'NONE', ( #330 ), #1556, .F. ) ;
#212 = ORIENTED_EDGE ( 'NONE', *, *, #1317, .F. ) ;
#213 = DIRECTION ( 'NONE',  ( 0.7071067811865435759, 0.000000000000000000, -0.7071067811865514585 ) ) ;
#214 = VECTOR ( 'NONE', #1917, 1000.000000000000000 ) ;
#215 = EDGE_LOOP ( 'NONE', ( #1908, #641, #1901, #1028 ) ) ;
#216 = DIRECTION ( 'NONE',  ( 0.000000000000000000, 0.000000000000000000, 1.000000000000000000 ) ) ;
#217 = ORIENTED_EDGE ( 'NONE', *, *, #1900, .T. ) ;
#218 = PLANE ( 'NONE',  #1935 ) ;
#219 = CARTESIAN_POINT ( 'NONE',  ( 64.72792206135784454, 52.50000000000000000, -69.72792206135785875 ) ) ;
#220 = DIRECTION ( 'NONE',  ( 0.000000000000000000, -1.000000000000000000, 0.000000000000000000 ) ) ;
#221 = DIRECTION ( 'NONE',  ( 1.000000000000000000, 0.000000000000000000, -1.476360405086644309E-16 ) ) ;
#222 = CARTESIAN_POINT ( 'NONE',  ( 25.00000000000000355, 52.50000000000000000, 3.358719921572116057E-15 ) ) ;
#223 = EDGE_CURVE ( 'NONE', #1093, #1923, #890, .T. ) ;
#224 = ADVANCED_FACE ( 'NONE', ( #944 ), #707, .F. ) ;
#225 = CARTESIAN_POINT ( 'NONE',  ( 47.00000000000000000, 42.50000000000000000, 10.00000000000000178 ) ) ;
#226 = ORIENTED_EDGE ( 'NONE', *, *, #424, .T. ) ;
#227 = ORIENTED_EDGE ( 'NONE', *, *, #175, .T. ) ;
#228 = CARTESIAN_POINT ( 'NONE',  ( 56.11362313957692294, 32.50000000000000000, -69.64915704550962516 ) ) ;
#229 = CARTESIAN_POINT ( 'NONE',  ( 6.101500000000007695, -42.50000000000001421, -69.99999999999998579 ) ) ;
#230 = CARTESIAN_POINT ( 'NONE',  ( 60.00000000000000711, 42.50000000000000000, -3.000000000000000000 ) ) ;
#231 = ORIENTED_EDGE ( 'NONE', *, *, #321, .T. ) ;
#232 = CARTESIAN_POINT ( 'NONE',  ( 64.72792206135784454, 22.50000000000000355, -74.72792206135785875 ) ) ;
#233 = AXIS2_PLACEMENT_3D ( 'NONE', #829, #1017, #2069 ) ;
#234 = STYLED_ITEM ( 'NONE', ( #1685 ), #1561 ) ;
#235 = VERTEX_POINT ( 'NONE', #693 ) ;
#236 = EDGE_CURVE ( 'NONE', #2557, #1277, #286, .T. ) ;
#237 = VECTOR ( 'NONE', #1652, 1000.000000000000000 ) ;
#238 = FACE_OUTER_BOUND ( 'NONE', #1245, .T. ) ;
#239 = ORIENTED_EDGE ( 'NONE', *, *, #1251, .F. ) ;
#240 = AXIS2_PLACEMENT_3D ( 'NONE', #2687, #357, #2659 ) ;
#241 = ORIENTED_EDGE ( 'NONE', *, *, #917, .F. ) ;
#242 = EDGE_CURVE ( 'NONE', #2407, #2352, #939, .T. ) ;
#243 = FILL_AREA_STYLE ('',( #2107 ) ) ;
#244 = DIRECTION ( 'NONE',  ( 0.000000000000000000, -0.000000000000000000, 1.000000000000000000 ) ) ;
#245 = AXIS2_PLACEMENT_3D ( 'NONE', #1551, #481, #1768 ) ;
#246 = DIRECTION ( 'NONE',  ( 0.000000000000000000, 0.000000000000000000, 1.000000000000000000 ) ) ;
#247 = VECTOR ( 'NONE', #1799, 1000.000000000000000 ) ;
#248 = DIRECTION ( 'NONE',  ( -0.000000000000000000, -1.000000000000000000, -0.000000000000000000 ) ) ;
#249 = ORIENTED_EDGE ( 'NONE', *, *, #360, .F. ) ;
#250 = CARTESIAN_POINT ( 'NONE',  ( 0.9999999999999874545, -42.50000000000000000, -69.99999999999998579 ) ) ;
#251 = CARTESIAN_POINT ( 'NONE',  ( 73.29990582668003185, 33.14930566082318819, -69.57795301416413736 ) ) ;
#252 = ADVANCED_FACE ( 'NONE', ( #1728 ), #2608, .F. ) ;
#253 = ORIENTED_EDGE ( 'NONE', *, *, #1900, .F. ) ;
#254 = ORIENTED_EDGE ( 'NONE', *, *, #373, .F. ) ;
#255 = DIRECTION ( 'NONE',  ( 0.000000000000000000, 0.000000000000000000, 1.000000000000000000 ) ) ;
#256 = LINE ( 'NONE', #659, #2158 ) ;
#257 = EDGE_CURVE ( 'NONE', #2590, #2177, #1539, .T. ) ;
#258 = CARTESIAN_POINT ( 'NONE',  ( 47.00000000000000000, 42.50000000000000000, -69.99999999999998579 ) ) ;
#259 = AXIS2_PLACEMENT_3D ( 'NONE', #2043, #1658, #2274 ) ;
#260 = DIRECTION ( 'NONE',  ( 0.000000000000000000, -0.000000000000000000, -1.000000000000000000 ) ) ;
#261 = ORIENTED_EDGE ( 'NONE', *, *, #2258, .T. ) ;
#262 = CARTESIAN_POINT ( 'NONE',  ( 73.34222098313875904, 32.50000000000001421, -69.64915704550963937 ) ) ;
#263 = ORIENTED_EDGE ( 'NONE', *, *, #1022, .F. ) ;
#264 = DIRECTION ( 'NONE',  ( 0.000000000000000000, 0.000000000000000000, 1.000000000000000000 ) ) ;
#265 = ORIENTED_EDGE ( 'NONE', *, *, #1833, .T. ) ;
#266 = EDGE_LOOP ( 'NONE', ( #1145, #584, #379, #1824, #2024, #100 ) ) ;
#267 = DIRECTION ( 'NONE',  ( -1.000000000000000000, 0.000000000000000000, 4.869399230812090436E-16 ) ) ;
#268 = DIRECTION ( 'NONE',  ( 0.000000000000000000, 1.000000000000000000, 0.000000000000000000 ) ) ;
#269 = CARTESIAN_POINT ( 'NONE',  ( 66.89269631490689960, 30.62150470491761567, -70.21921650515899671 ) ) ;
#270 = CARTESIAN_POINT ( 'NONE',  ( -9.999999999999991118, 42.50000000000000000, 9.000000000000007105 ) ) ;
#271 = EDGE_CURVE ( 'NONE', #489, #2259, #1349, .T. ) ;
#272 = EDGE_LOOP ( 'NONE', ( #1541, #1142, #712, #85 ) ) ;
#273 = CARTESIAN_POINT ( 'NONE',  ( 45.10000000000000853, 0.000000000000000000, 0.000000000000000000 ) ) ;
#274 = DIRECTION ( 'NONE',  ( -0.000000000000000000, -1.000000000000000000, -0.000000000000000000 ) ) ;
#275 = EDGE_LOOP ( 'NONE', ( #1438, #860, #391, #456 ) ) ;
#276 = EDGE_CURVE ( 'NONE', #501, #1778, #2153, .T. ) ;
#277 = CARTESIAN_POINT ( 'NONE',  ( 64.72792206135784454, 52.50099999999999767, -69.72792206135785875 ) ) ;
#278 = ORIENTED_EDGE ( 'NONE', *, *, #664, .F. ) ;
#279 = ORIENTED_EDGE ( 'NONE', *, *, #1118, .F. ) ;
#280 = CARTESIAN_POINT ( 'NONE',  ( 66.67437313763878137, 34.15410175175927776, -70.12074765259568210 ) ) ;
#281 = DIRECTION ( 'NONE',  ( 0.000000000000000000, 0.000000000000000000, 1.000000000000000000 ) ) ;
#282 = CARTESIAN_POINT ( 'NONE',  ( 68.14684505918781099, 29.99989151183747182, -71.07570053461928694 ) ) ;
#283 = PLANE ( 'NONE',  #1039 ) ;
#284 = VECTOR ( 'NONE', #1786, 1000.000000000000000 ) ;
#285 = ORIENTED_EDGE ( 'NONE', *, *, #703, .F. ) ;
#286 = LINE ( 'NONE', #1100, #2287 ) ;
#287 = LINE ( 'NONE', #84, #668 ) ;
#288 = CIRCLE ( 'NONE', #1767, 2.149999999999999023 ) ;
#289 = VERTEX_POINT ( 'NONE', #1161 ) ;
#290 = EDGE_CURVE ( 'NONE', #235, #552, #1526, .T. ) ;
#291 = EDGE_CURVE ( 'NONE', #2227, #2051, #314, .T. ) ;
#292 = DIRECTION ( 'NONE',  ( 0.000000000000000000, 0.000000000000000000, -1.000000000000000000 ) ) ;
#293 = VERTEX_POINT ( 'NONE', #502 ) ;
#294 = ORIENTED_EDGE ( 'NONE', *, *, #1209, .F. ) ;
#295 = CARTESIAN_POINT ( 'NONE',  ( -28.99999999999999645, 42.50000000000000000, -90.00000000000001421 ) ) ;
#296 = CARTESIAN_POINT ( 'NONE',  ( 45.10000000000000853, -37.50000000000002842, -3.000000000000001332 ) ) ;
#297 = DIRECTION ( 'NONE',  ( -0.7071067811865405783, 0.000000000000000000, -0.7071067811865544561 ) ) ;
#298 = CARTESIAN_POINT ( 'NONE',  ( 47.00000000000000000, 52.50000000000000000, -60.00000000000000711 ) ) ;
#299 = VERTEX_POINT ( 'NONE', #1335 ) ;
#300 = DIRECTION ( 'NONE',  ( -7.381802025433222780E-17, 0.000000000000000000, -1.000000000000000000 ) ) ;
#301 = CARTESIAN_POINT ( 'NONE',  ( 69.86582845612022652, 31.84284809510421610, -66.14780509305505518 ) ) ;
#302 = EDGE_LOOP ( 'NONE', ( #2102, #2401, #2417, #356 ) ) ;
#303 = VECTOR ( 'NONE', #643, 1000.000000000000000 ) ;
#304 = ADVANCED_FACE ( 'NONE', ( #1974 ), #2169, .T. ) ;
#305 = EDGE_CURVE ( 'NONE', #2182, #151, #2045, .T. ) ;
#306 = CARTESIAN_POINT ( 'NONE',  ( 71.68389880461727159, 35.00006677297260893, -67.54173957307735066 ) ) ;
#307 = VERTEX_POINT ( 'NONE', #790 ) ;
#308 = ORIENTED_EDGE ( 'NONE', *, *, #2057, .T. ) ;
#309 = DIRECTION ( 'NONE',  ( 1.000000000000000000, 0.000000000000000000, 0.000000000000000000 ) ) ;
#310 = DIRECTION ( 'NONE',  ( -0.000000000000000000, -1.000000000000000000, -0.000000000000000000 ) ) ;
#311 = DIRECTION ( 'NONE',  ( -7.381802025433222780E-17, 0.000000000000000000, -1.000000000000000000 ) ) ;
#312 = CARTESIAN_POINT ( 'NONE',  ( 47.00000000000000000, 32.50000000000000000, -57.00000000000000000 ) ) ;
#313 = VERTEX_POINT ( 'NONE', #763 ) ;
#314 = LINE ( 'NONE', #958, #455 ) ;
#315 = DIRECTION ( 'NONE',  ( -0.000000000000000000, 1.000000000000000000, -0.000000000000000000 ) ) ;
#316 = ORIENTED_EDGE ( 'NONE', *, *, #2376, .F. ) ;
#317 = CARTESIAN_POINT ( 'NONE',  ( 8.673617379884035472E-16, 42.50000000000000000, -60.00000000000000000 ) ) ;
#318 = CARTESIAN_POINT ( 'NONE',  ( 69.80668707720599286, 32.66354602773521520, -66.11362313957690162 ) ) ;
#319 = ORIENTED_EDGE ( 'NONE', *, *, #1655, .F. ) ;
#320 = ORIENTED_EDGE ( 'NONE', *, *, #585, .T. ) ;
#321 = EDGE_CURVE ( 'NONE', #1713, #580, #1813, .T. ) ;
#322 = CARTESIAN_POINT ( 'NONE',  ( -30.00000000000000000, 42.50000000000000000, 30.00000000000000000 ) ) ;
#323 = CLOSED_SHELL ( 'NONE', ( #1886, #158, #1406, #1454, #392, #1690, #20, #2238, #2022, #616, #937, #2611, #1534, #362, #2491, #92, #1235, #2606, #304, #537, #520, #224, #449, #23, #1791, #788, #1188, #2157, #8, #482, #1172, #1705, #741, #451, #2339, #1918, #189, #1575, #1439, #1449, #437, #1003, #44, #438, #1736, #2191, #2456, #808, #2068, #634, #1905, #1821, #1149, #252, #618, #1424, #1523, #2119, #1835, #2625, #1179, #389, #132, #1007, #872, #2655, #1268, #326, #1052, #574, #2641, #2307, #377, #885, #1338, #839, #2553, #211, #2669, #1207 ) ) ;
#324 = CARTESIAN_POINT ( 'NONE',  ( 6.101500000000008583, 42.49999999999998579, -90.00000000000000000 ) ) ;
#325 = CARTESIAN_POINT ( 'NONE',  ( 60.00000000000000711, 42.50000000000000000, -3.000000000000000000 ) ) ;
#326 = ADVANCED_FACE ( 'NONE', ( #2444 ), #981, .F. ) ;
#327 = CIRCLE ( 'NONE', #2677, 3.000000000000002220 ) ;
#328 = CARTESIAN_POINT ( 'NONE',  ( 61.26382044622012302, 52.50000000000000000, -79.60623723886871517 ) ) ;
#329 = ORIENTED_EDGE ( 'NONE', *, *, #886, .F. ) ;
#330 = FACE_OUTER_BOUND ( 'NONE', #1306, .T. ) ;
#331 = VECTOR ( 'NONE', #274, 1000.000000000000000 ) ;
#332 = LINE ( 'NONE', #1994, #70 ) ;
#333 = VERTEX_POINT ( 'NONE', #581 ) ;
#334 = PLANE ( 'NONE',  #156 ) ;
#335 = VECTOR ( 'NONE', #913, 1000.000000000000000 ) ;
#336 = AXIS2_PLACEMENT_3D ( 'NONE', #1418, #1585, #2253 ) ;
#337 = AXIS2_PLACEMENT_3D ( 'NONE', #1628, #2465, #594 ) ;
#338 = ORIENTED_EDGE ( 'NONE', *, *, #2187, .T. ) ;
#339 = ORIENTED_EDGE ( 'NONE', *, *, #1747, .F. ) ;
#340 = CARTESIAN_POINT ( 'NONE',  ( 47.00000000000000000, 52.50000000000000000, -3.000000000000000000 ) ) ;
#341 = EDGE_CURVE ( 'NONE', #884, #2482, #816, .T. ) ;
#342 = PRODUCT ( 'Accessory', 'Accessory', '', ( #1398 ) ) ;
#343 = CARTESIAN_POINT ( 'NONE',  ( -15.00000000000000000, 52.50000000000000000, -72.84999999999999432 ) ) ;
#344 = EDGE_CURVE ( 'NONE', #1923, #877, #800, .T. ) ;
#345 = ORIENTED_EDGE ( 'NONE', *, *, #2053, .T. ) ;
#346 = CYLINDRICAL_SURFACE ( 'NONE', #2330, 2.150000000000000799 ) ;
#347 = DIRECTION ( 'NONE',  ( 0.000000000000000000, 0.000000000000000000, -1.000000000000000000 ) ) ;
#348 = ORIENTED_EDGE ( 'NONE', *, *, #2020, .T. ) ;
#349 = DIRECTION ( 'NONE',  ( 1.314184451497582245E-16, 0.000000000000000000, -1.000000000000000000 ) ) ;
#350 = CIRCLE ( 'NONE', #604, 2.999999999999995559 ) ;
#351 = CIRCLE ( 'NONE', #1866, 2.149999999999999023 ) ;
#352 = ORIENTED_EDGE ( 'NONE', *, *, #88, .T. ) ;
#353 = ORIENTED_EDGE ( 'NONE', *, *, #1807, .F. ) ;
#354 = LINE ( 'NONE', #1221, #810 ) ;
#355 = CARTESIAN_POINT ( 'NONE',  ( 47.00000000000000000, 52.50000000000000711, 1.734723475976807094E-15 ) ) ;
#356 = ORIENTED_EDGE ( 'NONE', *, *, #1155, .T. ) ;
#357 = DIRECTION ( 'NONE',  ( 0.000000000000000000, -1.000000000000000000, 0.000000000000000000 ) ) ;
#358 = CARTESIAN_POINT ( 'NONE',  ( 60.00000000000000711, 32.50000000000000000, -57.00000000000000000 ) ) ;
#359 = ORIENTED_EDGE ( 'NONE', *, *, #102, .T. ) ;
#360 = EDGE_CURVE ( 'NONE', #1885, #1299, #2212, .T. ) ;
#361 = CARTESIAN_POINT ( 'NONE',  ( -28.99999999999999645, 52.50000000000000000, 28.99999999999999645 ) ) ;
#362 = ADVANCED_FACE ( 'NONE', ( #1225 ), #2056, .F. ) ;
#363 = VERTEX_POINT ( 'NONE', #2005 ) ;
#364 = FACE_BOUND ( 'NONE', #2171, .T. ) ;
#365 = DIRECTION ( 'NONE',  ( -6.396248537223951605E-17, 0.2290393337255473838, 0.9734171683335759440 ) ) ;
#366 = DIRECTION ( 'NONE',  ( -0.000000000000000000, -1.000000000000000000, -0.000000000000000000 ) ) ;
#367 = EDGE_LOOP ( 'NONE', ( #866, #205, #2066, #1257 ) ) ;
#368 = DIRECTION ( 'NONE',  ( -1.000000000000000000, 0.000000000000000000, -0.000000000000000000 ) ) ;
#369 = CYLINDRICAL_SURFACE ( 'NONE', #2334, 9.999999999999994671 ) ;
#370 = CIRCLE ( 'NONE', #2064, 2.150000000000000799 ) ;
#371 = ORIENTED_EDGE ( 'NONE', *, *, #902, .T. ) ;
#372 = DIRECTION ( 'NONE',  ( 0.000000000000000000, 0.000000000000000000, -1.000000000000000000 ) ) ;
#373 = EDGE_CURVE ( 'NONE', #1621, #2610, #1026, .T. ) ;
#374 = AXIS2_PLACEMENT_3D ( 'NONE', #273, #516, #2621 ) ;
#375 = CARTESIAN_POINT ( 'NONE',  ( 69.55246574061479237, 32.83687307140345979, -73.41445033579050516 ) ) ;
#376 = VECTOR ( 'NONE', #1819, 1000.000000000000000 ) ;
#377 = ADVANCED_FACE ( 'NONE', ( #1825, #1018 ), #2671, .T. ) ;
#378 = CIRCLE ( 'NONE', #1330, 5.000000000000004441 ) ;
#379 = ORIENTED_EDGE ( 'NONE', *, *, #1190, .T. ) ;
#380 = DIRECTION ( 'NONE',  ( 0.000000000000000000, 0.000000000000000000, -1.000000000000000000 ) ) ;
#381 = LINE ( 'NONE', #1211, #1822 ) ;
#382 = EDGE_LOOP ( 'NONE', ( #1462, #1071, #1191, #1827 ) ) ;
#383 = CARTESIAN_POINT ( 'NONE',  ( 65.00000000000000000, 52.50099999999999767, 15.00000000000000000 ) ) ;
#384 = CARTESIAN_POINT ( 'NONE',  ( 64.72792206135784454, 42.50000000000000000, -74.72792206135785875 ) ) ;
#385 = VERTEX_POINT ( 'NONE', #141 ) ;
#386 = DIRECTION ( 'NONE',  ( 0.000000000000000000, -1.000000000000000000, 0.000000000000000000 ) ) ;
#387 = CYLINDRICAL_SURFACE ( 'NONE', #1626, 3.000000000000001776 ) ;
#388 = CARTESIAN_POINT ( 'NONE',  ( 42.50000000000000000, 42.50000000000000000, -17.85000000000000142 ) ) ;
#389 = ADVANCED_FACE ( 'NONE', ( #2469 ), #570, .T. ) ;
#390 = CIRCLE ( 'NONE', #1473, 2.999999999999995559 ) ;
#391 = ORIENTED_EDGE ( 'NONE', *, *, #2318, .T. ) ;
#392 = ADVANCED_FACE ( 'NONE', ( #167 ), #346, .F. ) ;
#393 = CARTESIAN_POINT ( 'NONE',  ( 7.959155108390734590, 32.50000000000001421, -127.9611551083913099 ) ) ;
#394 = CARTESIAN_POINT ( 'NONE',  ( 64.72792206135784454, 52.50099999999999767, -79.72792206135787296 ) ) ;
#395 = FACE_OUTER_BOUND ( 'NONE', #2534, .T. ) ;
#396 = DIRECTION ( 'NONE',  ( 6.570922257487911226E-17, 0.000000000000000000, -1.000000000000000000 ) ) ;
#397 = DIRECTION ( 'NONE',  ( 0.000000000000000000, -0.000000000000000000, 1.000000000000000000 ) ) ;
#398 = CARTESIAN_POINT ( 'NONE',  ( 42.50000000000000000, 42.50000000000000000, -20.00000000000000000 ) ) ;
#399 = CARTESIAN_POINT ( 'NONE',  ( 60.00000000000000711, -77.72675581599834516, -3.000000000000000000 ) ) ;
#400 = CARTESIAN_POINT ( 'NONE',  ( 65.00000000000000000, 42.50000000000000000, 15.00000000000000000 ) ) ;
#401 = VERTEX_POINT ( 'NONE', #1597 ) ;
#402 = FACE_OUTER_BOUND ( 'NONE', #2396, .T. ) ;
#403 = EDGE_CURVE ( 'NONE', #136, #1044, #969, .T. ) ;
#404 = FACE_OUTER_BOUND ( 'NONE', #605, .T. ) ;
#405 = DIRECTION ( 'NONE',  ( 0.000000000000000000, 0.000000000000000000, -1.000000000000000000 ) ) ;
#406 = LINE ( 'NONE', #1699, #549 ) ;
#407 = EDGE_CURVE ( 'NONE', #151, #1187, #597, .T. ) ;
#408 = LINE ( 'NONE', #1673, #1027 ) ;
#409 = CARTESIAN_POINT ( 'NONE',  ( 65.00000000000000000, 52.50000000000000000, 15.00000000000000000 ) ) ;
#410 = CARTESIAN_POINT ( 'NONE',  ( 47.00000000000000000, 52.50000000000000000, -60.00000000000000711 ) ) ;
#411 = CARTESIAN_POINT ( 'NONE',  ( -15.00000000000000000, 42.50000000000000000, 12.85000000000000142 ) ) ;
#412 = AXIS2_PLACEMENT_3D ( 'NONE', #2475, #1641, #1437 ) ;
#413 = EDGE_LOOP ( 'NONE', ( #1805, #1427, #2646, #1779 ) ) ;
#414 = AXIS2_PLACEMENT_3D ( 'NONE', #2097, #444, #244 ) ;
#415 = AXIS2_PLACEMENT_3D ( 'NONE', #2314, #1890, #2301 ) ;
#416 = DIRECTION ( 'NONE',  ( -0.000000000000000000, -1.000000000000000000, -0.000000000000000000 ) ) ;
#417 = ORIENTED_EDGE ( 'NONE', *, *, #2172, .F. ) ;
#418 = DIRECTION ( 'NONE',  ( 1.000000000000000000, 0.000000000000000000, 0.000000000000000000 ) ) ;
#419 = EDGE_CURVE ( 'NONE', #2224, #1669, #2235, .T. ) ;
#420 = ORIENTED_EDGE ( 'NONE', *, *, #2390, .F. ) ;
#421 = DIRECTION ( 'NONE',  ( 1.000000000000000000, 0.000000000000000000, -1.156482317317871478E-16 ) ) ;
#422 = DIRECTION ( 'NONE',  ( 6.570922257487911226E-17, 0.000000000000000000, -1.000000000000000000 ) ) ;
#423 = CARTESIAN_POINT ( 'NONE',  ( 65.00000000000000000, 52.50000000000000000, 17.14999999999999858 ) ) ;
#424 = EDGE_CURVE ( 'NONE', #2055, #75, #558, .T. ) ;
#425 = CARTESIAN_POINT ( 'NONE',  ( 47.00000000000000000, 42.50000000000000000, -60.00000000000000711 ) ) ;
#426 = LINE ( 'NONE', #1447, #2679 ) ;
#427 = VECTOR ( 'NONE', #1723, 1000.000000000000000 ) ;
#428 = DIRECTION ( 'NONE',  ( -0.000000000000000000, -1.000000000000000000, -0.000000000000000000 ) ) ;
#429 = ORIENTED_EDGE ( 'NONE', *, *, #901, .T. ) ;
#430 = CIRCLE ( 'NONE', #564, 2.149999999999999023 ) ;
#431 = ORIENTED_EDGE ( 'NONE', *, *, #1317, .T. ) ;
#432 = LINE ( 'NONE', #39, #200 ) ;
#433 = DIRECTION ( 'NONE',  ( 0.000000000000000000, 0.000000000000000000, -1.000000000000000000 ) ) ;
#434 = DIRECTION ( 'NONE',  ( 0.000000000000000000, 0.000000000000000000, 1.000000000000000000 ) ) ;
#435 = ORIENTED_EDGE ( 'NONE', *, *, #1818, .F. ) ;
#436 = DIRECTION ( 'NONE',  ( 0.000000000000000000, -1.000000000000000000, 0.000000000000000000 ) ) ;
#437 = ADVANCED_FACE ( 'NONE', ( #1607 ), #841, .F. ) ;
#438 = ADVANCED_FACE ( 'NONE', ( #2083 ), #1480, .F. ) ;
#439 = ORIENTED_EDGE ( 'NONE', *, *, #2488, .T. ) ;
#440 = DIRECTION ( 'NONE',  ( 1.000000000000000000, 0.000000000000000000, -0.000000000000000000 ) ) ;
#441 = EDGE_LOOP ( 'NONE', ( #49, #915, #319, #1645, #1341, #651 ) ) ;
#442 = VERTEX_POINT ( 'NONE', #1862 ) ;
#443 = CARTESIAN_POINT ( 'NONE',  ( 67.76720125613077528, 34.91687712511126307, -70.75429005265702642 ) ) ;
#444 = DIRECTION ( 'NONE',  ( 0.000000000000000000, 1.000000000000000000, 0.000000000000000000 ) ) ;
#445 = LINE ( 'NONE', #2470, #201 ) ;
#446 = FACE_OUTER_BOUND ( 'NONE', #2039, .T. ) ;
#447 = VERTEX_POINT ( 'NONE', #228 ) ;
#448 = CARTESIAN_POINT ( 'NONE',  ( 80.00000000000000000, 52.50000000000000000, -67.00000000000000000 ) ) ;
#449 = ADVANCED_FACE ( 'NONE', ( #622 ), #2300, .T. ) ;
#450 = VECTOR ( 'NONE', #2665, 1000.000000000000000 ) ;
#451 = ADVANCED_FACE ( 'NONE', ( #635 ), #51, .F. ) ;
#452 = AXIS2_PLACEMENT_3D ( 'NONE', #640, #436, #210 ) ;
#453 = CARTESIAN_POINT ( 'NONE',  ( 47.00000000000000000, 42.50000000000000000, -69.99999999999998579 ) ) ;
#454 = ORIENTED_EDGE ( 'NONE', *, *, #1576, .T. ) ;
#455 = VECTOR ( 'NONE', #1143, 1000.000000000000000 ) ;
#456 = ORIENTED_EDGE ( 'NONE', *, *, #2187, .F. ) ;
#457 = LINE ( 'NONE', #2558, #1648 ) ;
#458 = DIRECTION ( 'NONE',  ( 0.000000000000000000, 1.000000000000000000, 0.000000000000000000 ) ) ;
#459 = AXIS2_PLACEMENT_3D ( 'NONE', #340, #965, #2643 ) ;
#460 = CARTESIAN_POINT ( 'NONE',  ( -15.00000000000000000, 42.50000000000000000, -77.14999999999999147 ) ) ;
#461 = VECTOR ( 'NONE', #1927, 1000.000000000000000 ) ;
#462 = LINE ( 'NONE', #911, #642 ) ;
#463 = ORIENTED_EDGE ( 'NONE', *, *, #2174, .F. ) ;
#464 = CARTESIAN_POINT ( 'NONE',  ( 72.54042187384449392, 30.25353898987528467, -68.48390154543673702 ) ) ;
#465 = CARTESIAN_POINT ( 'NONE',  ( 69.82129100355976448, 32.82953516764025181, -66.12218578168118199 ) ) ;
#466 = EDGE_CURVE ( 'NONE', #709, #2224, #2494, .T. ) ;
#467 = EDGE_LOOP ( 'NONE', ( #1382, #1265, #1311, #1708 ) ) ;
#468 = ORIENTED_EDGE ( 'NONE', *, *, #638, .F. ) ;
#469 = COLOUR_RGB ( '',0.7529411764705882248, 0.7529411764705882248, 0.7529411764705882248 ) ;
#470 = DIRECTION ( 'NONE',  ( 0.000000000000000000, 0.000000000000000000, -1.000000000000000000 ) ) ;
#471 = CARTESIAN_POINT ( 'NONE',  ( 66.11295203244756635, 31.84320460824482169, -69.92343306407833836 ) ) ;
#472 = AXIS2_PLACEMENT_3D ( 'NONE', #2515, #1476, #213 ) ;
#473 = DIRECTION ( 'NONE',  ( -0.000000000000000000, -1.000000000000000000, -0.000000000000000000 ) ) ;
#474 = ORIENTED_EDGE ( 'NONE', *, *, #1702, .F. ) ;
#475 = CARTESIAN_POINT ( 'NONE',  ( 73.29963419947091552, 31.84856068978683652, -69.57749921158669792 ) ) ;
#476 = VERTEX_POINT ( 'NONE', #3 ) ;
#477 = DIRECTION ( 'NONE',  ( 1.000000000000000000, 0.000000000000000000, -0.000000000000000000 ) ) ;
#478 = ORIENTED_EDGE ( 'NONE', *, *, #2350, .T. ) ;
#479 = ORIENTED_EDGE ( 'NONE', *, *, #40, .T. ) ;
#480 = CARTESIAN_POINT ( 'NONE',  ( 66.04098316249285006, 32.83412909097582144, -69.90326828324128883 ) ) ;
#481 = DIRECTION ( 'NONE',  ( 0.000000000000000000, -1.000000000000000000, 0.000000000000000000 ) ) ;
#482 = ADVANCED_FACE ( 'NONE', ( #1237 ), #2070, .F. ) ;
#483 = CARTESIAN_POINT ( 'NONE',  ( 7.806255641895631925E-15, 42.50000000000000000, 5.204170427930421283E-15 ) ) ;
#484 = CARTESIAN_POINT ( 'NONE',  ( -29.99999999999999289, 42.50000000000000711, -90.00000000000001421 ) ) ;
#485 = EDGE_CURVE ( 'NONE', #67, #2634, #869, .T. ) ;
#486 = EDGE_LOOP ( 'NONE', ( #371, #227, #783, #891 ) ) ;
#487 = CYLINDRICAL_SURFACE ( 'NONE', #1107, 13.00000000000000178 ) ;
#488 = CARTESIAN_POINT ( 'NONE',  ( 70.09781827316997749, 31.24504315098976193, -66.29152309010555655 ) ) ;
#489 = VERTEX_POINT ( 'NONE', #1915 ) ;
#490 = CARTESIAN_POINT ( 'NONE',  ( 73.33367551125269301, 32.82887672585798811, -69.63458382208656872 ) ) ;
#491 = AXIS2_PLACEMENT_3D ( 'NONE', #2200, #2433, #170 ) ;
#492 = EDGE_LOOP ( 'NONE', ( #919, #130, #1390, #1716, #1287, #2580 ) ) ;
#493 = EDGE_LOOP ( 'NONE', ( #1201, #353, #1483, #11 ) ) ;
#494 = CARTESIAN_POINT ( 'NONE',  ( 68.79345565497894199, 34.86954502604881156, -71.81325382749818687 ) ) ;
#495 =( GEOMETRIC_REPRESENTATION_CONTEXT ( 3 ) GLOBAL_UNCERTAINTY_ASSIGNED_CONTEXT ( ( #770 ) ) GLOBAL_UNIT_ASSIGNED_CONTEXT ( ( #1261, #1925, #62 ) ) REPRESENTATION_CONTEXT ( 'NONE', 'WORKASPACE' ) );
#496 = LINE ( 'NONE', #1331, #1159 ) ;
#497 = CARTESIAN_POINT ( 'NONE',  ( 67.64060050362944310, 30.13126250408895856, -70.66095153487283653 ) ) ;
#498 = CARTESIAN_POINT ( 'NONE',  ( -28.99999999999999645, 62.50000000000000000, 28.99999999999999645 ) ) ;
#499 = EDGE_CURVE ( 'NONE', #2224, #1078, #2203, .T. ) ;
#500 = AXIS2_PLACEMENT_3D ( 'NONE', #1154, #1710, #2544 ) ;
#501 = VERTEX_POINT ( 'NONE', #647 ) ;
#502 = CARTESIAN_POINT ( 'NONE',  ( 69.80668707720600707, 32.50000000000001421, -66.11362313957690162 ) ) ;
#503 = CARTESIAN_POINT ( 'NONE',  ( 72.79545880839954464, 30.51242956813103291, -68.81743998444856913 ) ) ;
#504 = VECTOR ( 'NONE', #704, 1000.000000000000000 ) ;
#505 = ORIENTED_EDGE ( 'NONE', *, *, #2223, .F. ) ;
#506 = EDGE_CURVE ( 'NONE', #1318, #1164, #432, .T. ) ;
#507 = CARTESIAN_POINT ( 'NONE',  ( 45.10000000000000853, -32.70000000000000284, -3.000000000000000888 ) ) ;
#508 = ORIENTED_EDGE ( 'NONE', *, *, #1303, .F. ) ;
#509 = EDGE_LOOP ( 'NONE', ( #1122, #1912, #1181, #792 ) ) ;
#510 = LINE ( 'NONE', #714, #450 ) ;
#511 = LINE ( 'NONE', #2398, #1324 ) ;
#512 = FACE_OUTER_BOUND ( 'NONE', #1380, .T. ) ;
#513 = CARTESIAN_POINT ( 'NONE',  ( 15.00000000000000000, 42.50000000000000000, -22.14999999999999858 ) ) ;
#514 = ORIENTED_EDGE ( 'NONE', *, *, #1103, .T. ) ;
#515 = VECTOR ( 'NONE', #366, 1000.000000000000000 ) ;
#516 = DIRECTION ( 'NONE',  ( 1.000000000000000000, 0.000000000000000000, 0.000000000000000000 ) ) ;
#517 = DIRECTION ( 'NONE',  ( 0.000000000000000000, 0.000000000000000000, -1.000000000000000000 ) ) ;
#518 = VERTEX_POINT ( 'NONE', #2313 ) ;
#519 = CARTESIAN_POINT ( 'NONE',  ( 3.469446951953609751E-16, 42.50000000000000000, -60.00000000000000000 ) ) ;
#520 = ADVANCED_FACE ( 'NONE', ( #1904, #1262 ), #879, .T. ) ;
#521 = EDGE_CURVE ( 'NONE', #1269, #1318, #406, .T. ) ;
#522 = LINE ( 'NONE', #277, #1127 ) ;
#523 = VERTEX_POINT ( 'NONE', #1047 ) ;
#524 = ORIENTED_EDGE ( 'NONE', *, *, #2442, .F. ) ;
#525 = DIRECTION ( 'NONE',  ( 0.000000000000000000, 0.000000000000000000, 1.000000000000000000 ) ) ;
#526 = CARTESIAN_POINT ( 'NONE',  ( 37.50000000000000000, 42.50000000000000000, -20.00000000000000000 ) ) ;
#527 = DIRECTION ( 'NONE',  ( 0.7071067811865683339, 0.000000000000000000, 0.7071067811865267005 ) ) ;
#528 = CARTESIAN_POINT ( 'NONE',  ( 57.78857622930072324, 42.50000000000000000, -64.25304232336797838 ) ) ;
#529 = EDGE_LOOP ( 'NONE', ( #339, #1271, #279, #435 ) ) ;
#530 = CARTESIAN_POINT ( 'NONE',  ( -15.00000000000000000, 52.50000000000000000, 17.14999999999999858 ) ) ;
#531 = LINE ( 'NONE', #2017, #2639 ) ;
#532 = ORIENTED_EDGE ( 'NONE', *, *, #685, .F. ) ;
#533 = FACE_OUTER_BOUND ( 'NONE', #1001, .T. ) ;
#534 = EDGE_CURVE ( 'NONE', #1184, #1538, #256, .T. ) ;
#535 = ORIENTED_EDGE ( 'NONE', *, *, #341, .F. ) ;
#536 = ORIENTED_EDGE ( 'NONE', *, *, #1054, .F. ) ;
#537 = ADVANCED_FACE ( 'NONE', ( #2286, #2326 ), #218, .T. ) ;
#538 = CARTESIAN_POINT ( 'NONE',  ( 61.97092722740669046, 22.50000000000000355, -78.89913045768220456 ) ) ;
#539 = AXIS2_PLACEMENT_3D ( 'NONE', #601, #2268, #1841 ) ;
#540 = CARTESIAN_POINT ( 'NONE',  ( 60.00000000000000711, -42.50000000000000000, -3.000000000000000000 ) ) ;
#541 = PLANE ( 'NONE',  #550 ) ;
#542 = CIRCLE ( 'NONE', #1192, 1.000000000000000888 ) ;
#543 = CARTESIAN_POINT ( 'NONE',  ( 47.00000000000000000, 42.50000000000000000, -57.00000000000000000 ) ) ;
#544 = EDGE_LOOP ( 'NONE', ( #1220, #897, #756, #996 ) ) ;
#545 = CARTESIAN_POINT ( 'NONE',  ( 11.10150000000000503, 4.999999999999990230, -30.00000000000000711 ) ) ;
#546 = DIRECTION ( 'NONE',  ( -1.000000000000000000, 0.000000000000000000, -8.761229676650543371E-17 ) ) ;
#547 = ORIENTED_EDGE ( 'NONE', *, *, #606, .T. ) ;
#548 = PLANE ( 'NONE',  #491 ) ;
#549 = VECTOR ( 'NONE', #1289, 1000.000000000000000 ) ;
#550 = AXIS2_PLACEMENT_3D ( 'NONE', #1169, #365, #138 ) ;
#551 = ORIENTED_EDGE ( 'NONE', *, *, #1635, .F. ) ;
#552 = VERTEX_POINT ( 'NONE', #830 ) ;
#553 = CARTESIAN_POINT ( 'NONE',  ( 56.99999999999999289, 42.50000000000000000, 30.00000000000000000 ) ) ;
#554 = EDGE_CURVE ( 'NONE', #2162, #2514, #982, .T. ) ;
#555 = FACE_OUTER_BOUND ( 'NONE', #1180, .T. ) ;
#556 = DIRECTION ( 'NONE',  ( -1.000000000000000000, 0.000000000000000000, -6.570922257487911226E-17 ) ) ;
#557 = ORIENTED_EDGE ( 'NONE', *, *, #1288, .F. ) ;
#558 = LINE ( 'NONE', #2647, #1980 ) ;
#559 = EDGE_CURVE ( 'NONE', #1212, #2244, #511, .T. ) ;
#560 = DIRECTION ( 'NONE',  ( -0.7071067811865514585, 0.000000000000000000, 0.7071067811865435759 ) ) ;
#561 = EDGE_LOOP ( 'NONE', ( #1160, #1396, #1555, #505 ) ) ;
#562 = DIRECTION ( 'NONE',  ( 0.000000000000000000, 0.000000000000000000, -1.000000000000000000 ) ) ;
#563 = VECTOR ( 'NONE', #1233, 1000.000000000000227 ) ;
#564 = AXIS2_PLACEMENT_3D ( 'NONE', #2321, #187, #1845 ) ;
#565 = ORIENTED_EDGE ( 'NONE', *, *, #1137, .T. ) ;
#566 = CARTESIAN_POINT ( 'NONE',  ( 49.99999999999999289, 52.50000000000000000, -57.00000000000000000 ) ) ;
#567 = FACE_OUTER_BOUND ( 'NONE', #2094, .T. ) ;
#568 = EDGE_CURVE ( 'NONE', #1929, #657, #1139, .T. ) ;
#569 = VERTEX_POINT ( 'NONE', #2179 ) ;
#570 = CYLINDRICAL_SURFACE ( 'NONE', #240, 1.000000000000000888 ) ;
#571 = CARTESIAN_POINT ( 'NONE',  ( 11.10150000000000858, -42.50000000000001421, -69.99999999999998579 ) ) ;
#572 = ORIENTED_EDGE ( 'NONE', *, *, #1576, .F. ) ;
#573 = DIRECTION ( 'NONE',  ( -0.000000000000000000, 1.000000000000000000, -0.000000000000000000 ) ) ;
#574 = ADVANCED_FACE ( 'NONE', ( #2383 ), #94, .F. ) ;
#575 = ORIENTED_EDGE ( 'NONE', *, *, #58, .T. ) ;
#576 = DIRECTION ( 'NONE',  ( -0.000000000000000000, 1.000000000000000000, -0.000000000000000000 ) ) ;
#577 = DIRECTION ( 'NONE',  ( 0.000000000000000000, 0.000000000000000000, -1.000000000000000000 ) ) ;
#578 = FACE_OUTER_BOUND ( 'NONE', #2446, .T. ) ;
#579 = AXIS2_PLACEMENT_3D ( 'NONE', #1011, #1638, #2060 ) ;
#580 = VERTEX_POINT ( 'NONE', #324 ) ;
#581 = CARTESIAN_POINT ( 'NONE',  ( 50.10000000000000853, -32.70000000000000284, -3.000000000000000888 ) ) ;
#582 = FACE_OUTER_BOUND ( 'NONE', #968, .T. ) ;
#583 = VECTOR ( 'NONE', #116, 1000.000000000000000 ) ;
#584 = ORIENTED_EDGE ( 'NONE', *, *, #2121, .T. ) ;
#585 = EDGE_CURVE ( 'NONE', #2381, #1621, #1501, .T. ) ;
#586 = CARTESIAN_POINT ( 'NONE',  ( 25.00000000000000000, 42.50000000000000000, -60.00000000000000711 ) ) ;
#587 = FACE_OUTER_BOUND ( 'NONE', #1973, .T. ) ;
#588 = EDGE_CURVE ( 'NONE', #736, #2196, #2354, .T. ) ;
#589 = VECTOR ( 'NONE', #1431, 1000.000000000000000 ) ;
#590 = LINE ( 'NONE', #185, #1323 ) ;
#591 = CIRCLE ( 'NONE', #721, 1.000000000000000888 ) ;
#592 = CIRCLE ( 'NONE', #415, 2.149999999999999023 ) ;
#593 = ORIENTED_EDGE ( 'NONE', *, *, #650, .F. ) ;
#594 = DIRECTION ( 'NONE',  ( -1.000000000000000000, 0.000000000000000000, -8.761229676650543371E-17 ) ) ;
#595 = DIRECTION ( 'NONE',  ( 1.084202172485504681E-16, 0.000000000000000000, 1.000000000000000000 ) ) ;
#596 = CARTESIAN_POINT ( 'NONE',  ( 15.00000000000000000, 32.49900000000000233, -22.14999999999999858 ) ) ;
#597 = LINE ( 'NONE', #2430, #589 ) ;
#598 = CARTESIAN_POINT ( 'NONE',  ( 47.00000000000000000, 32.50000000000000000, -3.000000000000000000 ) ) ;
#599 = ORIENTED_EDGE ( 'NONE', *, *, #1686, .F. ) ;
#600 = DIRECTION ( 'NONE',  ( 0.000000000000000000, 0.000000000000000000, -1.000000000000000000 ) ) ;
#601 = CARTESIAN_POINT ( 'NONE',  ( 64.72792206135784454, 22.50000000000000355, -74.72792206135785875 ) ) ;
#602 = VECTOR ( 'NONE', #1399, 1000.000000000000000 ) ;
#603 = CYLINDRICAL_SURFACE ( 'NONE', #412, 2.149999999999997247 ) ;
#604 = AXIS2_PLACEMENT_3D ( 'NONE', #1429, #992, #216 ) ;
#605 = EDGE_LOOP ( 'NONE', ( #1681, #2525, #1326, #253 ) ) ;
#606 = EDGE_CURVE ( 'NONE', #2527, #1793, #908, .T. ) ;
#607 = CARTESIAN_POINT ( 'NONE',  ( 16.20300000000002782, -37.50000000000005684, -50.10000000000000142 ) ) ;
#608 = DIRECTION ( 'NONE',  ( 0.000000000000000000, 0.000000000000000000, -1.000000000000000000 ) ) ;
#609 = ORIENTED_EDGE ( 'NONE', *, *, #1988, .T. ) ;
#610 = DIRECTION ( 'NONE',  ( 0.000000000000000000, 0.000000000000000000, 1.000000000000000000 ) ) ;
#611 = CARTESIAN_POINT ( 'NONE',  ( 60.00000000000000711, -77.72675581599834516, -26.20300000000014506 ) ) ;
#612 = CARTESIAN_POINT ( 'NONE',  ( 64.72792206135784454, 22.50000000000000355, -84.72792206135785875 ) ) ;
#613 = PLANE ( 'NONE',  #2071 ) ;
#614 = LINE ( 'NONE', #1037, #21 ) ;
#615 = ORIENTED_EDGE ( 'NONE', *, *, #868, .T. ) ;
#616 = ADVANCED_FACE ( 'NONE', ( #1957 ), #2165, .T. ) ;
#617 = DIRECTION ( 'NONE',  ( -0.000000000000000000, -1.000000000000000000, -0.000000000000000000 ) ) ;
#618 = ADVANCED_FACE ( 'NONE', ( #1302 ), #1724, .T. ) ;
#619 = VERTEX_POINT ( 'NONE', #2193 ) ;
#620 = PLANE ( 'NONE',  #2173 ) ;
#621 = ORIENTED_EDGE ( 'NONE', *, *, #703, .T. ) ;
#622 = FACE_OUTER_BOUND ( 'NONE', #493, .T. ) ;
#623 = CARTESIAN_POINT ( 'NONE',  ( 47.00000000000000000, 32.50000000000000000, -3.000000000000000000 ) ) ;
#624 = LINE ( 'NONE', #1457, #2419 ) ;
#625 = DIRECTION ( 'NONE',  ( 0.000000000000000000, 0.000000000000000000, -1.000000000000000000 ) ) ;
#626 = FACE_OUTER_BOUND ( 'NONE', #148, .T. ) ;
#627 = AXIS2_PLACEMENT_3D ( 'NONE', #2584, #1000, #525 ) ;
#628 = AXIS2_PLACEMENT_3D ( 'NONE', #2109, #2520, #2276 ) ;
#629 = ORIENTED_EDGE ( 'NONE', *, *, #698, .F. ) ;
#630 = AXIS2_PLACEMENT_3D ( 'NONE', #598, #1468, #1481 ) ;
#631 = DIRECTION ( 'NONE',  ( -1.000000000000000000, 0.000000000000000000, 0.000000000000000000 ) ) ;
#632 = VERTEX_POINT ( 'NONE', #716 ) ;
#633 = FACE_OUTER_BOUND ( 'NONE', #2092, .T. ) ;
#634 = ADVANCED_FACE ( 'NONE', ( #2559 ), #2135, .T. ) ;
#635 = FACE_OUTER_BOUND ( 'NONE', #441, .T. ) ;
#636 = DIRECTION ( 'NONE',  ( 0.7071067811865405783, 0.000000000000000000, 0.7071067811865544561 ) ) ;
#637 = CARTESIAN_POINT ( 'NONE',  ( 60.00000000000000000, 42.50000000000000000, -3.000000000000000000 ) ) ;
#638 = EDGE_CURVE ( 'NONE', #67, #2615, #1983, .T. ) ;
#639 = LINE ( 'NONE', #1471, #117 ) ;
#640 = CARTESIAN_POINT ( 'NONE',  ( 65.00000000000000000, 42.50000000000000000, 15.00000000000000000 ) ) ;
#641 = ORIENTED_EDGE ( 'NONE', *, *, #9, .T. ) ;
#642 = VECTOR ( 'NONE', #2357, 1000.000000000000000 ) ;
#643 = DIRECTION ( 'NONE',  ( 1.000000000000000000, 0.000000000000000000, -7.381802025433222780E-17 ) ) ;
#644 = ORIENTED_EDGE ( 'NONE', *, *, #1485, .F. ) ;
#645 = ORIENTED_EDGE ( 'NONE', *, *, #852, .T. ) ;
#646 = CARTESIAN_POINT ( 'NONE',  ( 66.56987597653025546, 34.02808995425363747, -70.07851811464273339 ) ) ;
#647 = CARTESIAN_POINT ( 'NONE',  ( -30.00000000000000000, 52.50000000000000000, -88.99999999999998579 ) ) ;
#648 = DIRECTION ( 'NONE',  ( -0.000000000000000000, 1.000000000000000000, -0.000000000000000000 ) ) ;
#649 = DIRECTION ( 'NONE',  ( 0.000000000000000000, -1.000000000000000000, 0.000000000000000000 ) ) ;
#650 = EDGE_CURVE ( 'NONE', #580, #1577, #1314, .T. ) ;
#651 = ORIENTED_EDGE ( 'NONE', *, *, #403, .T. ) ;
#652 = DIRECTION ( 'NONE',  ( 0.000000000000000000, -1.000000000000000000, 0.000000000000000000 ) ) ;
#653 = EDGE_CURVE ( 'NONE', #1342, #2634, #1637, .T. ) ;
#654 = ORIENTED_EDGE ( 'NONE', *, *, #1254, .T. ) ;
#655 = CARTESIAN_POINT ( 'NONE',  ( -15.00000000000000000, 52.50000000000000000, -77.14999999999999147 ) ) ;
#656 = ORIENTED_EDGE ( 'NONE', *, *, #2476, .F. ) ;
#657 = VERTEX_POINT ( 'NONE', #1359 ) ;
#658 = CARTESIAN_POINT ( 'NONE',  ( 47.00000000000000000, 42.50000000000000000, -60.00000000000000711 ) ) ;
#659 = CARTESIAN_POINT ( 'NONE',  ( 11.10150000000000681, 42.50000000000000000, -69.99999999999998579 ) ) ;
#660 = CARTESIAN_POINT ( 'NONE',  ( 66.02201728687037985, 32.33421151917135461, -69.89829292991251464 ) ) ;
#661 = CYLINDRICAL_SURFACE ( 'NONE', #2262, 2.499999999999997335 ) ;
#662 = ORIENTED_EDGE ( 'NONE', *, *, #653, .F. ) ;
#663 = DIRECTION ( 'NONE',  ( 0.000000000000000000, -1.000000000000000000, 0.000000000000000000 ) ) ;
#664 = EDGE_CURVE ( 'NONE', #523, #1924, #118, .T. ) ;
#665 = VECTOR ( 'NONE', #2, 1000.000000000000000 ) ;
#666 = EDGE_CURVE ( 'NONE', #1778, #1577, #591, .T. ) ;
#667 = CIRCLE ( 'NONE', #1020, 2.149999999999999023 ) ;
#668 = VECTOR ( 'NONE', #1116, 1000.000000000000000 ) ;
#669 = CARTESIAN_POINT ( 'NONE',  ( 69.92037321108469428, 33.30739011255457172, -66.18142611757529892 ) ) ;
#670 = VERTEX_POINT ( 'NONE', #1095 ) ;
#671 = VECTOR ( 'NONE', #994, 1000.000000000000000 ) ;
#672 = ORIENTED_EDGE ( 'NONE', *, *, #1869, .F. ) ;
#673 = CYLINDRICAL_SURFACE ( 'NONE', #1731, 22.99999999999999289 ) ;
#674 = VECTOR ( 'NONE', #347, 1000.000000000000000 ) ;
#675 = CARTESIAN_POINT ( 'NONE',  ( -28.99999999999999645, 42.50000000000000000, -89.00000000000001421 ) ) ;
#676 = CARTESIAN_POINT ( 'NONE',  ( 68.02180486808566684, 30.01681401442570873, -70.96271119986565168 ) ) ;
#677 = DIRECTION ( 'NONE',  ( 0.000000000000000000, 0.000000000000000000, 1.000000000000000000 ) ) ;
#678 = VERTEX_POINT ( 'NONE', #688 ) ;
#679 = CARTESIAN_POINT ( 'NONE',  ( 70.53301257755961728, 30.61777529881198490, -66.58454296512309156 ) ) ;
#680 = ORIENTED_EDGE ( 'NONE', *, *, #974, .T. ) ;
#681 = EDGE_CURVE ( 'NONE', #1419, #447, #1521, .T. ) ;
#682 = DIRECTION ( 'NONE',  ( 0.000000000000000000, 0.000000000000000000, 1.000000000000000000 ) ) ;
#683 = VERTEX_POINT ( 'NONE', #1533 ) ;
#684 = ORIENTED_EDGE ( 'NONE', *, *, #2355, .T. ) ;
#685 = EDGE_CURVE ( 'NONE', #2615, #1166, #496, .T. ) ;
#686 = CYLINDRICAL_SURFACE ( 'NONE', #2461, 2.149999999999999023 ) ;
#687 = VECTOR ( 'NONE', #940, 1000.000000000000000 ) ;
#688 = CARTESIAN_POINT ( 'NONE',  ( 60.55671366503356268, 52.50000000000000000, -77.48491689530911231 ) ) ;
#689 = PLANE ( 'NONE',  #160 ) ;
#690 = VECTOR ( 'NONE', #416, 1000.000000000000000 ) ;
#691 = CARTESIAN_POINT ( 'NONE',  ( 80.00000000000001421, 42.50000000000012790, -17.10150000000007608 ) ) ;
#692 = ORIENTED_EDGE ( 'NONE', *, *, #1426, .F. ) ;
#693 = CARTESIAN_POINT ( 'NONE',  ( 60.00000000000000711, 32.50000000000000000, -3.000000000000000000 ) ) ;
#694 = CARTESIAN_POINT ( 'NONE',  ( 73.00371183797959418, 30.84602721020885241, -69.11321829005463258 ) ) ;
#695 = ORIENTED_EDGE ( 'NONE', *, *, #2575, .T. ) ;
#696 = PLANE ( 'NONE',  #2000 ) ;
#697 = ADVANCED_BREP_SHAPE_REPRESENTATION ( 'Accessory', ( #1561, #2512 ), #769 ) ;
#698 = EDGE_CURVE ( 'NONE', #307, #161, #2028, .T. ) ;
#699 = VERTEX_POINT ( 'NONE', #553 ) ;
#700 = VERTEX_POINT ( 'NONE', #1832 ) ;
#701 = CARTESIAN_POINT ( 'NONE',  ( 68.49182339299782996, 34.98351189764648694, -71.43250104937803258 ) ) ;
#702 = DIRECTION ( 'NONE',  ( 0.2290393337255471895, 0.9734171683335759440, 0.000000000000000000 ) ) ;
#703 = EDGE_CURVE ( 'NONE', #447, #2482, #2248, .T. ) ;
#704 = DIRECTION ( 'NONE',  ( 1.314184451497582245E-16, 0.000000000000000000, -1.000000000000000000 ) ) ;
#705 = CARTESIAN_POINT ( 'NONE',  ( 54.25304232336799259, 32.50000000000000000, -67.78857622930071614 ) ) ;
#706 = ORIENTED_EDGE ( 'NONE', *, *, #1498, .T. ) ;
#707 = CYLINDRICAL_SURFACE ( 'NONE', #2245, 2.999999999999995559 ) ;
#708 = CARTESIAN_POINT ( 'NONE',  ( 73.16438948293196631, 31.24515605229319348, -69.35812584533920244 ) ) ;
#709 = VERTEX_POINT ( 'NONE', #2231 ) ;
#710 = DIRECTION ( 'NONE',  ( -0.000000000000000000, -1.000000000000000000, -0.000000000000000000 ) ) ;
#711 = AXIS2_PLACEMENT_3D ( 'NONE', #742, #562, #1977 ) ;
#712 = ORIENTED_EDGE ( 'NONE', *, *, #1592, .T. ) ;
#713 = ORIENTED_EDGE ( 'NONE', *, *, #1374, .T. ) ;
#714 = CARTESIAN_POINT ( 'NONE',  ( 60.00000000000000711, -42.50000000000000000, -3.000000000000000000 ) ) ;
#715 = CIRCLE ( 'NONE', #2202, 5.000000000000004441 ) ;
#716 = CARTESIAN_POINT ( 'NONE',  ( 47.00000000000000000, 32.50000000000000000, 9.999999999999996447 ) ) ;
#717 = CARTESIAN_POINT ( 'NONE',  ( 68.49270109896215786, 30.01670518089093775, -71.43353109903637232 ) ) ;
#718 = AXIS2_PLACEMENT_3D ( 'NONE', #1632, #1646, #2252 ) ;
#719 = LINE ( 'NONE', #2385, #998 ) ;
#720 = EDGE_CURVE ( 'NONE', #1831, #699, #1411, .T. ) ;
#721 = AXIS2_PLACEMENT_3D ( 'NONE', #675, #1508, #2341 ) ;
#722 = ORIENTED_EDGE ( 'NONE', *, *, #653, .T. ) ;
#723 = DIRECTION ( 'NONE',  ( -0.000000000000000000, -1.000000000000000000, -0.000000000000000000 ) ) ;
#724 = CARTESIAN_POINT ( 'NONE',  ( 25.00000000000000355, 42.50000000000000000, -60.00000000000000711 ) ) ;
#725 = AXIS2_PLACEMENT_3D ( 'NONE', #1769, #1194, #773 ) ;
#726 = ORIENTED_EDGE ( 'NONE', *, *, #1133, .F. ) ;
#727 = CARTESIAN_POINT ( 'NONE',  ( -28.99999999999999645, 62.50000000000000000, 30.00000000000000000 ) ) ;
#728 = EDGE_CURVE ( 'NONE', #203, #1212, #1602, .T. ) ;
#729 = FACE_OUTER_BOUND ( 'NONE', #1797, .T. ) ;
#730 = EDGE_LOOP ( 'NONE', ( #263, #320, #2322, #854 ) ) ;
#731 = ORIENTED_EDGE ( 'NONE', *, *, #823, .F. ) ;
#732 = DIRECTION ( 'NONE',  ( 0.2290393337255471895, 0.9734171683335759440, 0.000000000000000000 ) ) ;
#733 = DIRECTION ( 'NONE',  ( 0.000000000000000000, 0.000000000000000000, 1.000000000000000000 ) ) ;
#734 = DIRECTION ( 'NONE',  ( -0.000000000000000000, -1.000000000000000000, -0.000000000000000000 ) ) ;
#735 = CARTESIAN_POINT ( 'NONE',  ( 61.26382044622012302, 52.50000000000000000, -79.60623723886871517 ) ) ;
#736 = VERTEX_POINT ( 'NONE', #149 ) ;
#737 = VECTOR ( 'NONE', #2492, 1000.000000000000114 ) ;
#738 = CARTESIAN_POINT ( 'NONE',  ( 7.806255641895631925E-15, 52.50000000000000711, 5.204170427930421283E-15 ) ) ;
#739 = CARTESIAN_POINT ( 'NONE',  ( 60.00000000000000711, -42.50000000000000000, -3.000000000000000000 ) ) ;
#740 = ORIENTED_EDGE ( 'NONE', *, *, #276, .F. ) ;
#741 = ADVANCED_FACE ( 'NONE', ( #976 ), #1193, .F. ) ;
#742 = CARTESIAN_POINT ( 'NONE',  ( 0.000000000000000000, 0.000000000000000000, -50.10000000000000142 ) ) ;
#743 = EDGE_CURVE ( 'NONE', #912, #299, #1203, .T. ) ;
#744 = ORIENTED_EDGE ( 'NONE', *, *, #1934, .F. ) ;
#745 = ORIENTED_EDGE ( 'NONE', *, *, #2318, .F. ) ;
#746 = DIRECTION ( 'NONE',  ( -1.000000000000000000, 0.000000000000000000, 1.476360405086644309E-16 ) ) ;
#747 = CARTESIAN_POINT ( 'NONE',  ( -10.00000000000000000, 42.50000000000000000, -69.99999999999998579 ) ) ;
#748 = APPLICATION_PROTOCOL_DEFINITION ( 'draft international standard', 'automotive_design', 1998, #2299 ) ;
#749 = CARTESIAN_POINT ( 'NONE',  ( 60.00000000000000711, -42.50000000000000000, -12.10150000000007431 ) ) ;
#750 = ORIENTED_EDGE ( 'NONE', *, *, #559, .F. ) ;
#751 = LINE ( 'NONE', #1584, #335 ) ;
#752 = DIRECTION ( 'NONE',  ( -1.156482317317871478E-16, 0.000000000000000000, -1.000000000000000000 ) ) ;
#753 = ORIENTED_EDGE ( 'NONE', *, *, #2537, .F. ) ;
#754 = DIRECTION ( 'NONE',  ( -0.000000000000000000, 1.000000000000000000, -0.000000000000000000 ) ) ;
#755 = EDGE_CURVE ( 'NONE', #2140, #1164, #2261, .T. ) ;
#756 = ORIENTED_EDGE ( 'NONE', *, *, #2174, .T. ) ;
#757 = ORIENTED_EDGE ( 'NONE', *, *, #177, .F. ) ;
#758 = CYLINDRICAL_SURFACE ( 'NONE', #1391, 5.000000000000004441 ) ;
#759 = CARTESIAN_POINT ( 'NONE',  ( 64.72792206135784454, 52.50000000000000000, -74.72792206135785875 ) ) ;
#760 = VECTOR ( 'NONE', #1365, 1000.000000000000000 ) ;
#761 = CARTESIAN_POINT ( 'NONE',  ( 47.00000000000000000, 32.50000000000000000, -69.99999999999998579 ) ) ;
#762 = ORIENTED_EDGE ( 'NONE', *, *, #162, .F. ) ;
#763 = CARTESIAN_POINT ( 'NONE',  ( 30.00000000000000000, 42.50000000000000000, 2.989629820300455090E-15 ) ) ;
#764 = LINE ( 'NONE', #2033, #1986 ) ;
#765 = VERTEX_POINT ( 'NONE', #784 ) ;
#766 = CARTESIAN_POINT ( 'NONE',  ( 0.9999999999999861222, -77.72675581599834516, -60.10000000000000142 ) ) ;
#767 = AXIS2_PLACEMENT_3D ( 'NONE', #1961, #2591, #128 ) ;
#768 = AXIS2_PLACEMENT_3D ( 'NONE', #108, #786, #1783 ) ;
#769 =( GEOMETRIC_REPRESENTATION_CONTEXT ( 3 ) GLOBAL_UNCERTAINTY_ASSIGNED_CONTEXT ( ( #2435 ) ) GLOBAL_UNIT_ASSIGNED_CONTEXT ( ( #2027, #164, #977 ) ) REPRESENTATION_CONTEXT ( 'NONE', 'WORKASPACE' ) );
#770 = UNCERTAINTY_MEASURE_WITH_UNIT (LENGTH_MEASURE( 1.000000000000000082E-05 ), #1261, 'distance_accuracy_value', 'NONE');
#771 = ORIENTED_EDGE ( 'NONE', *, *, #107, .F. ) ;
#772 = DIRECTION ( 'NONE',  ( 1.000000000000000000, 0.000000000000000000, 0.000000000000000000 ) ) ;
#773 = DIRECTION ( 'NONE',  ( 0.000000000000000000, 0.000000000000000000, 1.000000000000000000 ) ) ;
#774 = EDGE_CURVE ( 'NONE', #1924, #523, #2597, .T. ) ;
#775 = DIRECTION ( 'NONE',  ( 0.000000000000000000, 1.000000000000000000, 0.000000000000000000 ) ) ;
#776 = ORIENTED_EDGE ( 'NONE', *, *, #2637, .F. ) ;
#777 = DIRECTION ( 'NONE',  ( 1.314184451497582245E-16, 0.000000000000000000, -1.000000000000000000 ) ) ;
#778 = DIRECTION ( 'NONE',  ( -0.000000000000000000, 1.000000000000000000, -0.000000000000000000 ) ) ;
#779 = VERTEX_POINT ( 'NONE', #566 ) ;
#780 = DIRECTION ( 'NONE',  ( -1.000000000000000000, 0.000000000000000000, 6.086749038515113044E-17 ) ) ;
#781 = CIRCLE ( 'NONE', #1566, 1.000000000000000888 ) ;
#782 = CIRCLE ( 'NONE', #1040, 5.000000000000004441 ) ;
#783 = ORIENTED_EDGE ( 'NONE', *, *, #1133, .T. ) ;
#784 = CARTESIAN_POINT ( 'NONE',  ( -15.00000000000000000, 42.50000000000000000, 17.14999999999999858 ) ) ;
#785 = EDGE_CURVE ( 'NONE', #1415, #736, #354, .T. ) ;
#786 = DIRECTION ( 'NONE',  ( -0.000000000000000000, -1.000000000000000000, -0.000000000000000000 ) ) ;
#787 = CARTESIAN_POINT ( 'NONE',  ( -10.00000000000000000, 42.50000000000000000, -68.99999999999997158 ) ) ;
#788 = ADVANCED_FACE ( 'NONE', ( #1384, #364, #163, #2220, #2667, #2449, #990 ), #1614, .F. ) ;
#789 = ORIENTED_EDGE ( 'NONE', *, *, #1802, .F. ) ;
#790 = CARTESIAN_POINT ( 'NONE',  ( -15.00000000000000000, 52.50000000000000000, 12.85000000000000142 ) ) ;
#791 = CARTESIAN_POINT ( 'NONE',  ( -15.00000000000000000, 42.50000000000000000, 15.00000000000000000 ) ) ;
#792 = ORIENTED_EDGE ( 'NONE', *, *, #2692, .T. ) ;
#793 = DIRECTION ( 'NONE',  ( 0.000000000000000000, 0.000000000000000000, 1.000000000000000000 ) ) ;
#794 = CARTESIAN_POINT ( 'NONE',  ( 60.00000000000000000, 42.50000000000000000, -3.000000000000000000 ) ) ;
#795 = LINE ( 'NONE', #1123, #2021 ) ;
#796 = ORIENTED_EDGE ( 'NONE', *, *, #1936, .F. ) ;
#797 = CARTESIAN_POINT ( 'NONE',  ( 64.72792206135784454, 32.50000000000000000, -74.72792206135785875 ) ) ;
#798 = CYLINDRICAL_SURFACE ( 'NONE', #2613, 5.000000000000004441 ) ;
#799 = CARTESIAN_POINT ( 'NONE',  ( -30.00000000000000000, 62.50000000000000000, 30.00000000000000000 ) ) ;
#800 = LINE ( 'NONE', #1416, #671 ) ;
#801 = DIRECTION ( 'NONE',  ( -0.000000000000000000, -1.000000000000000000, -0.000000000000000000 ) ) ;
#802 = VECTOR ( 'NONE', #2037, 1000.000000000000000 ) ;
#803 = VERTEX_POINT ( 'NONE', #1002 ) ;
#804 = DIRECTION ( 'NONE',  ( -0.000000000000000000, 1.000000000000000000, -0.000000000000000000 ) ) ;
#805 = DIRECTION ( 'NONE',  ( -1.000000000000000000, 0.000000000000000000, 1.476360405086644309E-16 ) ) ;
#806 = VECTOR ( 'NONE', #1241, 1000.000000000000000 ) ;
#807 = VECTOR ( 'NONE', #396, 1000.000000000000000 ) ;
#808 = ADVANCED_FACE ( 'NONE', ( #1372 ), #2207, .F. ) ;
#809 = CARTESIAN_POINT ( 'NONE',  ( 57.78857622930072324, 32.50000000000000000, -64.25304232336797838 ) ) ;
#810 = VECTOR ( 'NONE', #1397, 1000.000000000000000 ) ;
#811 = VECTOR ( 'NONE', #778, 1000.000000000000000 ) ;
#812 = EDGE_LOOP ( 'NONE', ( #1684, #2363, #1843, #1735, #2230, #1117 ) ) ;
#813 = DIRECTION ( 'NONE',  ( -0.000000000000000000, 1.000000000000000000, -0.000000000000000000 ) ) ;
#814 = FACE_BOUND ( 'NONE', #2389, .T. ) ;
#815 = ORIENTED_EDGE ( 'NONE', *, *, #2626, .T. ) ;
#816 = LINE ( 'NONE', #1401, #1373 ) ;
#817 = DIRECTION ( 'NONE',  ( 0.000000000000000000, 0.9734171683335759440, -0.2290393337255473838 ) ) ;
#818 = DIRECTION ( 'NONE',  ( -0.000000000000000000, 1.000000000000000000, -0.000000000000000000 ) ) ;
#819 = CARTESIAN_POINT ( 'NONE',  ( 29.99999999999999289, 122.7079728939614824, -60.00000000000000711 ) ) ;
#820 = PLANE ( 'NONE',  #1891 ) ;
#821 = EDGE_CURVE ( 'NONE', #1939, #293, #1794, .T. ) ;
#822 = VECTOR ( 'NONE', #2315, 1000.000000000000000 ) ;
#823 = EDGE_CURVE ( 'NONE', #501, #518, #2052, .T. ) ;
#824 = CIRCLE ( 'NONE', #957, 9.999999999999994671 ) ;
#825 = ORIENTED_EDGE ( 'NONE', *, *, #466, .T. ) ;
#826 = DIRECTION ( 'NONE',  ( 0.000000000000000000, 1.000000000000000000, 0.000000000000000000 ) ) ;
#827 = ORIENTED_EDGE ( 'NONE', *, *, #2554, .T. ) ;
#828 = CYLINDRICAL_SURFACE ( 'NONE', #259, 2.149999999999999023 ) ;
#829 = CARTESIAN_POINT ( 'NONE',  ( -15.00000000000000000, 52.50099999999999767, -75.00000000000000000 ) ) ;
#830 = CARTESIAN_POINT ( 'NONE',  ( 50.10000000000000853, 32.50000000000000000, -3.000000000000000888 ) ) ;
#831 = DIRECTION ( 'NONE',  ( -0.000000000000000000, -1.000000000000000000, -0.000000000000000000 ) ) ;
#832 = CARTESIAN_POINT ( 'NONE',  ( 42.50000000000000000, 42.50000000000000000, -22.14999999999999858 ) ) ;
#833 = DIRECTION ( 'NONE',  ( 1.476360405086644309E-16, -0.000000000000000000, 1.000000000000000000 ) ) ;
#834 = LINE ( 'NONE', #2535, #2023 ) ;
#835 = ORIENTED_EDGE ( 'NONE', *, *, #1653, .F. ) ;
#836 = EDGE_CURVE ( 'NONE', #2577, #2557, #941, .T. ) ;
#837 = LINE ( 'NONE', #1258, #2480 ) ;
#838 = ORIENTED_EDGE ( 'NONE', *, *, #534, .T. ) ;
#839 = ADVANCED_FACE ( 'NONE', ( #2629 ), #758, .F. ) ;
#840 = FACE_OUTER_BOUND ( 'NONE', #730, .T. ) ;
#841 = CYLINDRICAL_SURFACE ( 'NONE', #1718, 2.149999999999999023 ) ;
#842 = CARTESIAN_POINT ( 'NONE',  ( 15.00000000000000000, 32.50000000000000000, -22.14999999999999858 ) ) ;
#843 = LINE ( 'NONE', #637, #1456 ) ;
#844 = DIRECTION ( 'NONE',  ( 0.2290393337255471895, 0.9734171683335759440, 0.000000000000000000 ) ) ;
#845 = DIRECTION ( 'NONE',  ( 1.000000000000000000, 0.000000000000000000, 0.000000000000000000 ) ) ;
#846 = CIRCLE ( 'NONE', #452, 2.150000000000000799 ) ;
#847 = AXIS2_PLACEMENT_3D ( 'NONE', #545, #1378, #1619 ) ;
#848 = ORIENTED_EDGE ( 'NONE', *, *, #1623, .F. ) ;
#849 = AXIS2_PLACEMENT_3D ( 'NONE', #2573, #2603, #733 ) ;
#850 = AXIS2_PLACEMENT_3D ( 'NONE', #1346, #311, #41 ) ;
#851 = CARTESIAN_POINT ( 'NONE',  ( 25.00000000000000000, 4.999999999999990230, -17.10150000000007608 ) ) ;
#852 = EDGE_CURVE ( 'NONE', #2577, #619, #837, .T. ) ;
#853 = VERTEX_POINT ( 'NONE', #2079 ) ;
#854 = ORIENTED_EDGE ( 'NONE', *, *, #1016, .T. ) ;
#855 = CARTESIAN_POINT ( 'NONE',  ( 56.99999999999999289, 62.50000000000000000, -67.00000000000000000 ) ) ;
#856 = DIRECTION ( 'NONE',  ( -1.156482317317871478E-16, 0.000000000000000000, -1.000000000000000000 ) ) ;
#857 = EDGE_CURVE ( 'NONE', #1415, #143, #2479, .T. ) ;
#858 = LINE ( 'NONE', #2672, #1595 ) ;
#859 = CARTESIAN_POINT ( 'NONE',  ( 60.00000000000000711, -42.50000000000000000, -3.000000000000000000 ) ) ;
#860 = ORIENTED_EDGE ( 'NONE', *, *, #1752, .T. ) ;
#861 = DIRECTION ( 'NONE',  ( 0.000000000000000000, -1.000000000000000000, 0.000000000000000000 ) ) ;
#862 = EDGE_LOOP ( 'NONE', ( #1013, #33, #154, #1919, #212, #2371 ) ) ;
#863 = AXIS2_PLACEMENT_3D ( 'NONE', #1494, #677, #1510 ) ;
#864 = DIRECTION ( 'NONE',  ( 0.000000000000000000, 0.000000000000000000, 1.000000000000000000 ) ) ;
#865 = ORIENTED_EDGE ( 'NONE', *, *, #2589, .T. ) ;
#866 = ORIENTED_EDGE ( 'NONE', *, *, #606, .F. ) ;
#867 = DIRECTION ( 'NONE',  ( 1.000000000000000000, 0.000000000000000000, 0.000000000000000000 ) ) ;
#868 = EDGE_CURVE ( 'NONE', #1998, #912, #2272, .T. ) ;
#869 = LINE ( 'NONE', #1083, #1499 ) ;
#870 = CARTESIAN_POINT ( 'NONE',  ( 61.97092722740664783, 52.50000000000000000, -78.89913045768216193 ) ) ;
#871 = CARTESIAN_POINT ( 'NONE',  ( 49.99999999999999289, 52.50000000000000711, -57.00000000000000000 ) ) ;
#872 = ADVANCED_FACE ( 'NONE', ( #1488 ), #2093, .F. ) ;
#873 = ORIENTED_EDGE ( 'NONE', *, *, #419, .F. ) ;
#874 = LINE ( 'NONE', #2526, #2463 ) ;
#875 = CARTESIAN_POINT ( 'NONE',  ( 70.09817846769908556, 33.75560378892571123, -66.29175599186480383 ) ) ;
#876 = EDGE_LOOP ( 'NONE', ( #420, #1940, #1898, #2429, #1061, #2063 ) ) ;
#877 = VERTEX_POINT ( 'NONE', #225 ) ;
#878 = CARTESIAN_POINT ( 'NONE',  ( 66.11338757708982428, 33.15791761489661837, -69.92355958141047267 ) ) ;
#879 = PLANE ( 'NONE',  #414 ) ;
#880 = CARTESIAN_POINT ( 'NONE',  ( 69.55755119280317444, 32.50000000000001421, -73.43382683584518134 ) ) ;
#881 = LINE ( 'NONE', #871, #907 ) ;
#882 = ORIENTED_EDGE ( 'NONE', *, *, #344, .T. ) ;
#883 = LINE ( 'NONE', #739, #1413 ) ;
#884 = VERTEX_POINT ( 'NONE', #1667 ) ;
#885 = ADVANCED_FACE ( 'NONE', ( #402 ), #2695, .T. ) ;
#886 = EDGE_CURVE ( 'NONE', #1269, #127, #1244, .T. ) ;
#887 = AXIS2_PLACEMENT_3D ( 'NONE', #230, #2074, #2674 ) ;
#888 = DIRECTION ( 'NONE',  ( 0.000000000000000000, 0.000000000000000000, -1.000000000000000000 ) ) ;
#889 = ORIENTED_EDGE ( 'NONE', *, *, #836, .F. ) ;
#890 = CIRCLE ( 'NONE', #767, 1.000000000000000888 ) ;
#891 = ORIENTED_EDGE ( 'NONE', *, *, #857, .T. ) ;
#892 = SURFACE_SIDE_STYLE ('',( #2147 ) ) ;
#893 = CIRCLE ( 'NONE', #1110, 2.149999999999999023 ) ;
#894 = CARTESIAN_POINT ( 'NONE',  ( -15.00000000000000000, 52.50099999999999767, 15.00000000000000000 ) ) ;
#895 = CARTESIAN_POINT ( 'NONE',  ( 45.10000000000000853, -37.50000000000002842, -26.20300000000014506 ) ) ;
#896 = FACE_BOUND ( 'NONE', #1578, .T. ) ;
#897 = ORIENTED_EDGE ( 'NONE', *, *, #821, .T. ) ;
#898 = DIRECTION ( 'NONE',  ( 0.000000000000000000, 0.000000000000000000, -1.000000000000000000 ) ) ;
#899 = CARTESIAN_POINT ( 'NONE',  ( 72.24321401601919490, 30.07988382710950859, -68.12896553004796374 ) ) ;
#900 = VERTEX_POINT ( 'NONE', #1231 ) ;
#901 = EDGE_CURVE ( 'NONE', #1703, #235, #1872, .T. ) ;
#902 = EDGE_CURVE ( 'NONE', #143, #700, #2065, .T. ) ;
#903 = DIRECTION ( 'NONE',  ( -1.000000000000000000, 0.000000000000000000, 0.000000000000000000 ) ) ;
#904 = EDGE_LOOP ( 'NONE', ( #2234, #294, #1785, #1321 ) ) ;
#905 = ORIENTED_EDGE ( 'NONE', *, *, #242, .F. ) ;
#906 = DIRECTION ( 'NONE',  ( -1.000000000000000000, 0.000000000000000000, 1.476360405086644309E-16 ) ) ;
#907 = VECTOR ( 'NONE', #1701, 1000.000000000000000 ) ;
#908 = LINE ( 'NONE', #296, #2506 ) ;
#909 = LINE ( 'NONE', #483, #461 ) ;
#910 = AXIS2_PLACEMENT_3D ( 'NONE', #851, #1270, #440 ) ;
#911 = CARTESIAN_POINT ( 'NONE',  ( 0.9999999999999861222, -32.70000000000000284, -50.10000000000000142 ) ) ;
#912 = VERTEX_POINT ( 'NONE', #202 ) ;
#913 = DIRECTION ( 'NONE',  ( 0.000000000000000000, 1.000000000000000000, 0.000000000000000000 ) ) ;
#914 = PLANE ( 'NONE',  #1024 ) ;
#915 = ORIENTED_EDGE ( 'NONE', *, *, #1502, .T. ) ;
#916 = CYLINDRICAL_SURFACE ( 'NONE', #1650, 2.149999999999999023 ) ;
#917 = EDGE_CURVE ( 'NONE', #135, #2055, #1883, .T. ) ;
#918 = ORIENTED_EDGE ( 'NONE', *, *, #276, .T. ) ;
#919 = ORIENTED_EDGE ( 'NONE', *, *, #1470, .T. ) ;
#920 = LINE ( 'NONE', #1329, #1978 ) ;
#921 = DIRECTION ( 'NONE',  ( -1.284980352575412453E-16, 0.000000000000000000, -1.000000000000000000 ) ) ;
#922 = CARTESIAN_POINT ( 'NONE',  ( 60.00000000000000711, 42.50000000000000000, -12.10150000000007431 ) ) ;
#923 = EDGE_CURVE ( 'NONE', #313, #1475, #2281, .T. ) ;
#924 = PLANE ( 'NONE',  #1387 ) ;
#925 = ORIENTED_EDGE ( 'NONE', *, *, #290, .F. ) ;
#926 = DIRECTION ( 'NONE',  ( -0.000000000000000000, -1.000000000000000000, -0.000000000000000000 ) ) ;
#927 = DIRECTION ( 'NONE',  ( -0.000000000000000000, 0.000000000000000000, 1.000000000000000000 ) ) ;
#928 = ORIENTED_EDGE ( 'NONE', *, *, #146, .T. ) ;
#929 = VECTOR ( 'NONE', #2088, 1000.000000000000000 ) ;
#930 = CARTESIAN_POINT ( 'NONE',  ( 73.00402224212639624, 34.15337107039204767, -69.11367418134804552 ) ) ;
#931 = VECTOR ( 'NONE', #804, 1000.000000000000000 ) ;
#932 = EDGE_LOOP ( 'NONE', ( #1442, #1727, #1873, #2130 ) ) ;
#933 = ORIENTED_EDGE ( 'NONE', *, *, #321, .F. ) ;
#934 = CARTESIAN_POINT ( 'NONE',  ( 68.14486211624927137, 34.99985665706213211, -71.07389566311917406 ) ) ;
#935 = AXIS2_PLACEMENT_3D ( 'NONE', #400, #663, #2513 ) ;
#936 = DIRECTION ( 'NONE',  ( 0.000000000000000000, -0.000000000000000000, -1.000000000000000000 ) ) ;
#937 = ADVANCED_FACE ( 'NONE', ( #238 ), #1069, .F. ) ;
#938 = PLANE ( 'NONE',  #1897 ) ;
#939 = CIRCLE ( 'NONE', #1417, 2.149999999999999023 ) ;
#940 = DIRECTION ( 'NONE',  ( 1.000000000000000000, 0.000000000000000000, 0.000000000000000000 ) ) ;
#941 = CIRCLE ( 'NONE', #1256, 13.00000000000000533 ) ;
#942 = EDGE_CURVE ( 'NONE', #1286, #363, #351, .T. ) ;
#943 = VERTEX_POINT ( 'NONE', #1656 ) ;
#944 = FACE_OUTER_BOUND ( 'NONE', #2237, .T. ) ;
#945 = CARTESIAN_POINT ( 'NONE',  ( 56.99999999999999289, 42.50000000000000000, -90.00000000000001421 ) ) ;
#946 = VECTOR ( 'NONE', #648, 1000.000000000000000 ) ;
#947 = ORIENTED_EDGE ( 'NONE', *, *, #836, .T. ) ;
#948 = LINE ( 'NONE', #727, #2499 ) ;
#949 = ORIENTED_EDGE ( 'NONE', *, *, #585, .F. ) ;
#950 = ORIENTED_EDGE ( 'NONE', *, *, #107, .T. ) ;
#951 = DIRECTION ( 'NONE',  ( 0.000000000000000000, 0.000000000000000000, -1.000000000000000000 ) ) ;
#952 = CARTESIAN_POINT ( 'NONE',  ( -30.00000000000000000, 52.50000000000000000, 30.00000000000000000 ) ) ;
#953 = CYLINDRICAL_SURFACE ( 'NONE', #768, 2.150000000000000799 ) ;
#954 = AXIS2_PLACEMENT_3D ( 'NONE', #1823, #1, #1414 ) ;
#955 = CARTESIAN_POINT ( 'NONE',  ( 29.99999999999999289, 52.50000000000000000, -60.00000000000000711 ) ) ;
#956 = EDGE_LOOP ( 'NONE', ( #2123, #1224, #2594, #2338 ) ) ;
#957 = AXIS2_PLACEMENT_3D ( 'NONE', #2131, #1310, #1529 ) ;
#958 = CARTESIAN_POINT ( 'NONE',  ( 7.806255641895631925E-15, 52.50000000000000000, 5.204170427930421283E-15 ) ) ;
#959 = CYLINDRICAL_SURFACE ( 'NONE', #336, 12.99999999999999112 ) ;
#960 = ORIENTED_EDGE ( 'NONE', *, *, #1517, .F. ) ;
#961 = EDGE_CURVE ( 'NONE', #709, #442, #1695, .T. ) ;
#962 = DIRECTION ( 'NONE',  ( -0.000000000000000000, -1.000000000000000000, -0.000000000000000000 ) ) ;
#963 = ORIENTED_EDGE ( 'NONE', *, *, #1653, .T. ) ;
#964 = VERTEX_POINT ( 'NONE', #655 ) ;
#965 = DIRECTION ( 'NONE',  ( 0.000000000000000000, 1.000000000000000000, 0.000000000000000000 ) ) ;
#966 = CARTESIAN_POINT ( 'NONE',  ( 60.55671366503357689, 52.50099999999999767, -77.48491689530911231 ) ) ;
#967 = DIRECTION ( 'NONE',  ( 0.7071067811865525687, -0.000000000000000000, 0.7071067811865425767 ) ) ;
#968 = EDGE_LOOP ( 'NONE', ( #889, #645, #38, #1612 ) ) ;
#969 = LINE ( 'NONE', #1798, #1761 ) ;
#970 = CARTESIAN_POINT ( 'NONE',  ( 8.673617379884035472E-16, 52.50000000000000711, -60.00000000000000000 ) ) ;
#971 = ORIENTED_EDGE ( 'NONE', *, *, #344, .F. ) ;
#972 = DIRECTION ( 'NONE',  ( 0.000000000000000000, -1.000000000000000000, 0.000000000000000000 ) ) ;
#973 = EDGE_CURVE ( 'NONE', #1309, #964, #430, .T. ) ;
#974 = EDGE_CURVE ( 'NONE', #1800, #2590, #2682, .T. ) ;
#975 = ORIENTED_EDGE ( 'NONE', *, *, #2260, .F. ) ;
#976 = FACE_OUTER_BOUND ( 'NONE', #2380, .T. ) ;
#977 =( NAMED_UNIT ( * ) SI_UNIT ( $, .STERADIAN. ) SOLID_ANGLE_UNIT ( ) );
#978 = AXIS2_PLACEMENT_3D ( 'NONE', #1425, #123, #951 ) ;
#979 = LINE ( 'NONE', #2428, #1170 ) ;
#980 = ORIENTED_EDGE ( 'NONE', *, *, #1807, .T. ) ;
#981 = PLANE ( 'NONE',  #847 ) ;
#982 = CIRCLE ( 'NONE', #2502, 1.000000000000000888 ) ;
#983 = CARTESIAN_POINT ( 'NONE',  ( 30.00000000000000000, 122.7079728939614824, 5.204170427930421283E-15 ) ) ;
#984 = ORIENTED_EDGE ( 'NONE', *, *, #2223, .T. ) ;
#985 = FACE_OUTER_BOUND ( 'NONE', #179, .T. ) ;
#986 = VECTOR ( 'NONE', #1428, 1000.000000000000000 ) ;
#987 = EDGE_CURVE ( 'NONE', #2227, #2190, #1440, .T. ) ;
#988 = ORIENTED_EDGE ( 'NONE', *, *, #2589, .F. ) ;
#989 = EDGE_CURVE ( 'NONE', #1910, #1342, #74, .T. ) ;
#990 = FACE_BOUND ( 'NONE', #862, .T. ) ;
#991 = SHAPE_DEFINITION_REPRESENTATION ( #147, #697 ) ;
#992 = DIRECTION ( 'NONE',  ( 0.000000000000000000, 1.000000000000000000, 0.000000000000000000 ) ) ;
#993 = VERTEX_POINT ( 'NONE', #1762 ) ;
#994 = DIRECTION ( 'NONE',  ( 1.000000000000000000, 0.000000000000000000, 3.043374519257556522E-17 ) ) ;
#995 = DIRECTION ( 'NONE',  ( -0.000000000000000000, 1.000000000000000000, -0.000000000000000000 ) ) ;
#996 = ORIENTED_EDGE ( 'NONE', *, *, #1298, .F. ) ;
#997 = CARTESIAN_POINT ( 'NONE',  ( 50.10000000000001563, -42.50000000000000000, -3.000000000000000888 ) ) ;
#998 = VECTOR ( 'NONE', #1959, 1000.000000000000000 ) ;
#999 = LINE ( 'NONE', #794, #1809 ) ;
#1000 = DIRECTION ( 'NONE',  ( 0.000000000000000000, 1.000000000000000000, 0.000000000000000000 ) ) ;
#1001 = EDGE_LOOP ( 'NONE', ( #1812, #695, #2422, #2100, #1815, #827, #2652 ) ) ;
#1002 = CARTESIAN_POINT ( 'NONE',  ( 16.20300000000002782, -32.70000000000000284, -50.10000000000000142 ) ) ;
#1003 = ADVANCED_FACE ( 'NONE', ( #59 ), #1706, .F. ) ;
#1004 = FACE_OUTER_BOUND ( 'NONE', #367, .T. ) ;
#1005 = ORIENTED_EDGE ( 'NONE', *, *, #2536, .T. ) ;
#1006 = CARTESIAN_POINT ( 'NONE',  ( 45.10000000000000853, -32.70000000000000284, -26.20300000000014506 ) ) ;
#1007 = ADVANCED_FACE ( 'NONE', ( #729 ), #696, .T. ) ;
#1008 = DIRECTION ( 'NONE',  ( 0.000000000000000000, -1.000000000000000000, 0.000000000000000000 ) ) ;
#1009 = VERTEX_POINT ( 'NONE', #2581 ) ;
#1010 = CARTESIAN_POINT ( 'NONE',  ( 30.00000000000000000, 52.50000000000000000, 6.938893903907228378E-15 ) ) ;
#1011 = CARTESIAN_POINT ( 'NONE',  ( -15.00000000000000000, 52.50000000000000000, -75.00000000000000000 ) ) ;
#1012 = CARTESIAN_POINT ( 'NONE',  ( 69.55755119280317444, 32.50000000000001421, -73.43382683584518134 ) ) ;
#1013 = ORIENTED_EDGE ( 'NONE', *, *, #1385, .F. ) ;
#1014 = CARTESIAN_POINT ( 'NONE',  ( 64.72792206135784454, 52.50099999999999767, -74.72792206135785875 ) ) ;
#1015 = DIRECTION ( 'NONE',  ( -1.284980352575412453E-16, 0.000000000000000000, -1.000000000000000000 ) ) ;
#1016 = EDGE_CURVE ( 'NONE', #569, #1132, #782, .T. ) ;
#1017 = DIRECTION ( 'NONE',  ( -0.000000000000000000, -1.000000000000000000, -0.000000000000000000 ) ) ;
#1018 = FACE_OUTER_BOUND ( 'NONE', #2078, .T. ) ;
#1019 = DIRECTION ( 'NONE',  ( 0.000000000000000000, 1.000000000000000000, 0.000000000000000000 ) ) ;
#1020 = AXIS2_PLACEMENT_3D ( 'NONE', #1828, #2663, #208 ) ;
#1021 = DIRECTION ( 'NONE',  ( 0.7071067811865436870, 0.000000000000000000, -0.7071067811865513475 ) ) ;
#1022 = EDGE_CURVE ( 'NONE', #2381, #1132, #522, .T. ) ;
#1023 = DIRECTION ( 'NONE',  ( 1.000000000000000000, 0.000000000000000000, -6.086749038515113044E-17 ) ) ;
#1024 = AXIS2_PLACEMENT_3D ( 'NONE', #1773, #1947, #2346 ) ;
#1025 = CARTESIAN_POINT ( 'NONE',  ( 60.00000000000000711, -42.50000000000000000, -26.20300000000014506 ) ) ;
#1026 = CIRCLE ( 'NONE', #1460, 5.000000000000004441 ) ;
#1027 = VECTOR ( 'NONE', #422, 1000.000000000000000 ) ;
#1028 = ORIENTED_EDGE ( 'NONE', *, *, #1592, .F. ) ;
#1029 = CARTESIAN_POINT ( 'NONE',  ( -30.00000000000000000, 52.50000000000000000, -90.00000000000001421 ) ) ;
#1030 = EDGE_LOOP ( 'NONE', ( #1836, #1167, #1150, #963 ) ) ;
#1031 = FACE_BOUND ( 'NONE', #2443, .T. ) ;
#1032 = ORIENTED_EDGE ( 'NONE', *, *, #2090, .F. ) ;
#1033 = DIRECTION ( 'NONE',  ( 0.000000000000000000, 0.000000000000000000, -1.000000000000000000 ) ) ;
#1034 = DIRECTION ( 'NONE',  ( -1.000000000000000000, 0.000000000000000000, 0.000000000000000000 ) ) ;
#1035 = CARTESIAN_POINT ( 'NONE',  ( 66.02201728687036564, 32.50000000000001421, -69.89829292991250043 ) ) ;
#1036 = LINE ( 'NONE', #1228, #929 ) ;
#1037 = CARTESIAN_POINT ( 'NONE',  ( -15.00000000000000000, 52.50099999999999767, -72.84999999999999432 ) ) ;
#1038 = EDGE_CURVE ( 'NONE', #877, #1703, #2653, .T. ) ;
#1039 = AXIS2_PLACEMENT_3D ( 'NONE', #1305, #649, #260 ) ;
#1040 = AXIS2_PLACEMENT_3D ( 'NONE', #2394, #2362, #292 ) ;
#1041 = EDGE_CURVE ( 'NONE', #1129, #884, #824, .T. ) ;
#1042 = EDGE_LOOP ( 'NONE', ( #1511, #2004, #1654, #2627 ) ) ;
#1043 = CARTESIAN_POINT ( 'NONE',  ( 61.26382044622012302, 52.50099999999999767, -79.60623723886871517 ) ) ;
#1044 = VERTEX_POINT ( 'NONE', #2379 ) ;
#1045 = LINE ( 'NONE', #2249, #42 ) ;
#1046 = ORIENTED_EDGE ( 'NONE', *, *, #2290, .T. ) ;
#1047 = CARTESIAN_POINT ( 'NONE',  ( 64.72792206135784454, 22.50000000000000355, -64.72792206135787296 ) ) ;
#1048 = DIRECTION ( 'NONE',  ( 0.000000000000000000, 0.000000000000000000, 1.000000000000000000 ) ) ;
#1049 = CARTESIAN_POINT ( 'NONE',  ( 56.99999999999999289, 62.50000000000000000, 30.00000000000000000 ) ) ;
#1050 = LINE ( 'NONE', #1867, #2596 ) ;
#1051 = CARTESIAN_POINT ( 'NONE',  ( 47.00000000000000000, 42.50000000000000000, -57.00000000000000000 ) ) ;
#1052 = ADVANCED_FACE ( 'NONE', ( #1562 ), #916, .F. ) ;
#1053 = ORIENTED_EDGE ( 'NONE', *, *, #2637, .T. ) ;
#1054 = EDGE_CURVE ( 'NONE', #2182, #333, #2144, .T. ) ;
#1055 = DIRECTION ( 'NONE',  ( -0.000000000000000000, -1.000000000000000000, -0.000000000000000000 ) ) ;
#1056 = ORIENTED_EDGE ( 'NONE', *, *, #2537, .T. ) ;
#1057 = EDGE_LOOP ( 'NONE', ( #2034, #1478, #825, #2114, #2600, #1573 ) ) ;
#1058 = CARTESIAN_POINT ( 'NONE',  ( 80.00000000000000000, 62.50000000000000000, 30.00000000000000000 ) ) ;
#1059 = CARTESIAN_POINT ( 'NONE',  ( 61.26382044622012302, 22.50000000000000355, -79.60623723886871517 ) ) ;
#1060 = CARTESIAN_POINT ( 'NONE',  ( 0.000000000000000000, 42.50000000000000000, 0.000000000000000000 ) ) ;
#1061 = ORIENTED_EDGE ( 'NONE', *, *, #1016, .F. ) ;
#1062 = VECTOR ( 'NONE', #746, 1000.000000000000000 ) ;
#1063 = DIRECTION ( 'NONE',  ( 1.084202172485504681E-16, 0.000000000000000000, 1.000000000000000000 ) ) ;
#1064 = AXIS2_PLACEMENT_3D ( 'NONE', #1557, #2388, #517 ) ;
#1065 = EDGE_LOOP ( 'NONE', ( #2218, #984, #722, #1312 ) ) ;
#1066 = EDGE_CURVE ( 'NONE', #476, #293, #1613, .T. ) ;
#1067 = AXIS2_PLACEMENT_3D ( 'NONE', #2438, #1593, #2026 ) ;
#1068 = VECTOR ( 'NONE', #752, 1000.000000000000000 ) ;
#1069 = PLANE ( 'NONE',  #1515 ) ;
#1070 = EDGE_CURVE ( 'NONE', #333, #1187, #2188, .T. ) ;
#1071 = ORIENTED_EDGE ( 'NONE', *, *, #886, .T. ) ;
#1072 = ORIENTED_EDGE ( 'NONE', *, *, #821, .F. ) ;
#1073 = CARTESIAN_POINT ( 'NONE',  ( 56.99999999999999289, 42.50000000000000000, -67.00000000000000000 ) ) ;
#1074 = LINE ( 'NONE', #1688, #2160 ) ;
#1075 = DIRECTION ( 'NONE',  ( 0.000000000000000000, -0.000000000000000000, -1.000000000000000000 ) ) ;
#1076 = VERTEX_POINT ( 'NONE', #1981 ) ;
#1077 = CARTESIAN_POINT ( 'NONE',  ( 60.55671366503356268, 52.50099999999999767, -77.48491689530911231 ) ) ;
#1078 = VERTEX_POINT ( 'NONE', #2533 ) ;
#1079 = CARTESIAN_POINT ( 'NONE',  ( 73.06352037172645453, 34.02548050321476580, -69.20285182725082507 ) ) ;
#1080 = EDGE_LOOP ( 'NONE', ( #122, #261, #750, #2347 ) ) ;
#1081 = ORIENTED_EDGE ( 'NONE', *, *, #1640, .F. ) ;
#1082 = CARTESIAN_POINT ( 'NONE',  ( 66.02201728687036564, 32.50000000000001421, -69.89829292991250043 ) ) ;
#1083 = CARTESIAN_POINT ( 'NONE',  ( 37.50000000000000000, 32.49900000000000233, -17.85000000000000142 ) ) ;
#1084 = EDGE_CURVE ( 'NONE', #1758, #736, #1291, .T. ) ;
#1085 = CARTESIAN_POINT ( 'NONE',  ( 69.45255432605610224, 31.23232380814761910, -73.08533959014535242 ) ) ;
#1086 = CARTESIAN_POINT ( 'NONE',  ( 0.9999999999999861222, -32.70000000000000284, -60.10000000000000142 ) ) ;
#1087 = EDGE_CURVE ( 'NONE', #580, #1669, #2369, .T. ) ;
#1088 = ORIENTED_EDGE ( 'NONE', *, *, #305, .F. ) ;
#1089 = CARTESIAN_POINT ( 'NONE',  ( 45.10000000000000853, -32.70000000000000284, -3.000000000000000888 ) ) ;
#1090 = ORIENTED_EDGE ( 'NONE', *, *, #1655, .T. ) ;
#1091 = DIRECTION ( 'NONE',  ( 1.000000000000000000, -0.000000000000000000, -0.000000000000000000 ) ) ;
#1092 = ORIENTED_EDGE ( 'NONE', *, *, #2427, .F. ) ;
#1093 = VERTEX_POINT ( 'NONE', #270 ) ;
#1094 = DIRECTION ( 'NONE',  ( 0.000000000000000000, 0.000000000000000000, -1.000000000000000000 ) ) ;
#1095 = CARTESIAN_POINT ( 'NONE',  ( -30.00000000000000000, 42.50000000000000000, 28.99999999999999645 ) ) ;
#1096 = CARTESIAN_POINT ( 'NONE',  ( 68.69928870844897517, 30.08221470499933048, -71.68574850138750776 ) ) ;
#1097 = LINE ( 'NONE', #1316, #1997 ) ;
#1098 = EDGE_CURVE ( 'NONE', #186, #401, #1097, .T. ) ;
#1099 = ORIENTED_EDGE ( 'NONE', *, *, #341, .T. ) ;
#1100 = CARTESIAN_POINT ( 'NONE',  ( 47.00000000000000000, 42.50000000000000000, -69.99999999999998579 ) ) ;
#1101 = CARTESIAN_POINT ( 'NONE',  ( 70.25346931005358897, 30.97378600856173847, -66.39263919092014987 ) ) ;
#1102 = ORIENTED_EDGE ( 'NONE', *, *, #942, .F. ) ;
#1103 = EDGE_CURVE ( 'NONE', #2051, #2251, #43, .T. ) ;
#1104 = CIRCLE ( 'NONE', #1542, 23.00000000000000000 ) ;
#1105 = DIRECTION ( 'NONE',  ( -0.000000000000000000, -1.000000000000000000, -0.000000000000000000 ) ) ;
#1106 = EDGE_LOOP ( 'NONE', ( #1591, #745 ) ) ;
#1107 = AXIS2_PLACEMENT_3D ( 'NONE', #112, #926, #898 ) ;
#1108 = EDGE_LOOP ( 'NONE', ( #2631, #231, #2095 ) ) ;
#1109 = CARTESIAN_POINT ( 'NONE',  ( 66.02201728687036564, 32.66549542033483533, -69.89829292991248622 ) ) ;
#1110 = AXIS2_PLACEMENT_3D ( 'NONE', #14, #801, #246 ) ;
#1111 = CARTESIAN_POINT ( 'NONE',  ( 56.11362313957692294, 50.13125862417385292, -69.64915704550962516 ) ) ;
#1112 = CARTESIAN_POINT ( 'NONE',  ( 69.38505646990107323, 30.95970309230038353, -72.89222487341336887 ) ) ;
#1113 = CARTESIAN_POINT ( 'NONE',  ( 11.10150000000000681, 42.50000000000000000, -69.99999999999998579 ) ) ;
#1114 = ORIENTED_EDGE ( 'NONE', *, *, #1668, .T. ) ;
#1115 = DIRECTION ( 'NONE',  ( -0.000000000000000000, -1.000000000000000000, -0.000000000000000000 ) ) ;
#1116 = DIRECTION ( 'NONE',  ( -0.000000000000000000, -1.000000000000000000, -0.000000000000000000 ) ) ;
#1117 = ORIENTED_EDGE ( 'NONE', *, *, #146, .F. ) ;
#1118 = EDGE_CURVE ( 'NONE', #1831, #670, #781, .T. ) ;
#1119 = EDGE_CURVE ( 'NONE', #779, #657, #881, .T. ) ;
#1120 = CARTESIAN_POINT ( 'NONE',  ( 72.80415382794288348, 34.49773792051552590, -68.82631767834040204 ) ) ;
#1121 = ORIENTED_EDGE ( 'NONE', *, *, #1882, .F. ) ;
#1122 = ORIENTED_EDGE ( 'NONE', *, *, #2439, .T. ) ;
#1123 = CARTESIAN_POINT ( 'NONE',  ( 0.9999999999999874545, -42.50000000000000000, -69.99999999999998579 ) ) ;
#1124 = VECTOR ( 'NONE', #1796, 1000.000000000000000 ) ;
#1125 = DIRECTION ( 'NONE',  ( 0.7071067811865493491, -0.7071067811865455743, 6.195124915892437680E-17 ) ) ;
#1126 = CARTESIAN_POINT ( 'NONE',  ( 69.55260857876677960, 32.16686879608660377, -73.41498624201133794 ) ) ;
#1127 = VECTOR ( 'NONE', #710, 1000.000000000000000 ) ;
#1128 = LINE ( 'NONE', #2210, #2694 ) ;
#1129 = VERTEX_POINT ( 'NONE', #80 ) ;
#1130 = CARTESIAN_POINT ( 'NONE',  ( 59.84960688384700234, 52.50099999999999767, -78.19202367649563712 ) ) ;
#1131 = DIRECTION ( 'NONE',  ( -1.000000000000000000, 0.000000000000000000, -0.000000000000000000 ) ) ;
#1132 = VERTEX_POINT ( 'NONE', #1276 ) ;
#1133 = EDGE_CURVE ( 'NONE', #803, #1415, #462, .T. ) ;
#1134 = CARTESIAN_POINT ( 'NONE',  ( 70.85347944084993799, 34.68303021556123866, -66.81776768023753732 ) ) ;
#1135 = ORIENTED_EDGE ( 'NONE', *, *, #1554, .T. ) ;
#1136 = EDGE_LOOP ( 'NONE', ( #692, #1558, #1495, #1859 ) ) ;
#1137 = EDGE_CURVE ( 'NONE', #619, #447, #2126, .T. ) ;
#1138 = CARTESIAN_POINT ( 'NONE',  ( 68.37900663116862177, 35.00014149153665244, -71.30783876970605206 ) ) ;
#1139 = LINE ( 'NONE', #1969, #1676 ) ;
#1140 = FACE_OUTER_BOUND ( 'NONE', #956, .T. ) ;
#1141 = LINE ( 'NONE', #1158, #1124 ) ;
#1142 = ORIENTED_EDGE ( 'NONE', *, *, #242, .T. ) ;
#1143 = DIRECTION ( 'NONE',  ( 1.000000000000000000, 0.000000000000000000, -7.381802025433222780E-17 ) ) ;
#1144 = CARTESIAN_POINT ( 'NONE',  ( 69.80668707720599286, 32.17299688732302343, -66.11362313957688741 ) ) ;
#1145 = ORIENTED_EDGE ( 'NONE', *, *, #2335, .T. ) ;
#1146 = CYLINDRICAL_SURFACE ( 'NONE', #1671, 1.000000000000000888 ) ;
#1147 = CARTESIAN_POINT ( 'NONE',  ( 50.10000000000000853, -32.70000000000000284, -26.20300000000014506 ) ) ;
#1148 = VECTOR ( 'NONE', #2186, 1000.000000000000000 ) ;
#1149 = ADVANCED_FACE ( 'NONE', ( #2150 ), #283, .F. ) ;
#1150 = ORIENTED_EDGE ( 'NONE', *, *, #1951, .T. ) ;
#1151 = VERTEX_POINT ( 'NONE', #691 ) ;
#1152 = DIRECTION ( 'NONE',  ( -0.000000000000000000, 1.000000000000000000, -0.000000000000000000 ) ) ;
#1153 = VECTOR ( 'NONE', #2077, 1000.000000000000000 ) ;
#1154 = CARTESIAN_POINT ( 'NONE',  ( 64.72792206135784454, 22.50000000000000355, -74.72792206135785875 ) ) ;
#1155 = EDGE_CURVE ( 'NONE', #333, #552, #1712, .T. ) ;
#1156 = AXIS2_PLACEMENT_3D ( 'NONE', #1467, #421, #856 ) ;
#1157 = B_SPLINE_CURVE_WITH_KNOTS ( 'NONE', 3,
 ( #880, #1304, #1126, #2545, #1535, #1085, #1112, #1916, #2180, #2367, #2149, #1700, #1096, #717, #2560, #282, #676, #1509, #497, #1315, #1493, #2574, #269, #2384, #1958, #2342, #471, #1522, #660, #1943 ),
 .UNSPECIFIED., .F., .F.,
 ( 4, 2, 2, 2, 2, 2, 2, 2, 2, 2, 2, 2, 2, 2, 4 ),
 ( 0.000000000000000000, 0.0004969682670922750305, 0.0009939365341845500610, 0.001987873068369113132, 0.002484841335461385019, 0.002981809602553656038, 0.003478777869645927924, 0.003975746136738198509, 0.004472714403830470829, 0.004969682670922742282, 0.005466650938015014602, 0.005963619205107286055, 0.006957555739291841103, 0.007454524006384105617, 0.007951492273476369263 ),
 .UNSPECIFIED. ) ;
#1158 = CARTESIAN_POINT ( 'NONE',  ( 80.00000000000000000, 62.50000000000000000, -67.00000000000000000 ) ) ;
#1159 = VECTOR ( 'NONE', #772, 1000.000000000000000 ) ;
#1160 = ORIENTED_EDGE ( 'NONE', *, *, #685, .T. ) ;
#1161 = CARTESIAN_POINT ( 'NONE',  ( 60.00000000000000711, 32.50000000000000000, -26.20300000000014506 ) ) ;
#1162 = CARTESIAN_POINT ( 'NONE',  ( 50.10000000000001563, -42.50000000000000000, -26.20300000000014506 ) ) ;
#1163 = CIRCLE ( 'NONE', #2685, 2.149999999999997247 ) ;
#1164 = VERTEX_POINT ( 'NONE', #2112 ) ;
#1165 = CARTESIAN_POINT ( 'NONE',  ( -30.00000000000000000, 42.50000000000000000, -88.99999999999998579 ) ) ;
#1166 = VERTEX_POINT ( 'NONE', #1928 ) ;
#1167 = ORIENTED_EDGE ( 'NONE', *, *, #2172, .T. ) ;
#1168 = DIRECTION ( 'NONE',  ( 1.000000000000000000, 0.000000000000000000, 0.000000000000000000 ) ) ;
#1169 = CARTESIAN_POINT ( 'NONE',  ( 8.601500000000008583, -42.50000000000001421, -69.99999999999998579 ) ) ;
#1170 = VECTOR ( 'NONE', #1754, 1000.000000000000000 ) ;
#1171 = CARTESIAN_POINT ( 'NONE',  ( 54.25304232336799259, 50.13125862417385292, -67.78857622930071614 ) ) ;
#1172 = ADVANCED_FACE ( 'NONE', ( #2547 ), #2576, .F. ) ;
#1173 = EDGE_LOOP ( 'NONE', ( #19, #2152, #557, #1976 ) ) ;
#1174 = VECTOR ( 'NONE', #2104, 1000.000000000000000 ) ;
#1175 = DIRECTION ( 'NONE',  ( -1.000000000000000000, 0.000000000000000000, 7.381802025433222780E-17 ) ) ;
#1176 = CARTESIAN_POINT ( 'NONE',  ( 15.00000000000000000, 32.50000000000000000, -17.85000000000000142 ) ) ;
#1177 = ORIENTED_EDGE ( 'NONE', *, *, #2501, .T. ) ;
#1178 = LINE ( 'NONE', #2447, #1148 ) ;
#1179 = ADVANCED_FACE ( 'NONE', ( #2523 ), #1536, .T. ) ;
#1180 = EDGE_LOOP ( 'NONE', ( #2571, #1351, #2168, #1403 ) ) ;
#1181 = ORIENTED_EDGE ( 'NONE', *, *, #1038, .F. ) ;
#1182 = DIRECTION ( 'NONE',  ( -0.000000000000000000, 1.000000000000000000, -0.000000000000000000 ) ) ;
#1183 = DIRECTION ( 'NONE',  ( -0.000000000000000000, -1.000000000000000000, -0.000000000000000000 ) ) ;
#1184 = VERTEX_POINT ( 'NONE', #1113 ) ;
#1185 = CARTESIAN_POINT ( 'NONE',  ( 65.00000000000000000, 52.50099999999999767, 17.14999999999999858 ) ) ;
#1186 = CARTESIAN_POINT ( 'NONE',  ( 0.9999999999999874545, -77.72675581599834516, -69.99999999999998579 ) ) ;
#1187 = VERTEX_POINT ( 'NONE', #2167 ) ;
#1188 = ADVANCED_FACE ( 'NONE', ( #1524, #2138, #896, #1944 ), #1726, .T. ) ;
#1189 = LINE ( 'NONE', #1600, #109 ) ;
#1190 = EDGE_CURVE ( 'NONE', #24, #203, #32, .T. ) ;
#1191 = ORIENTED_EDGE ( 'NONE', *, *, #2390, .T. ) ;
#1192 = AXIS2_PLACEMENT_3D ( 'NONE', #361, #754, #2612 ) ;
#1193 = PLANE ( 'NONE',  #2377 ) ;
#1194 = DIRECTION ( 'NONE',  ( 0.000000000000000000, 1.000000000000000000, 0.000000000000000000 ) ) ;
#1195 = CIRCLE ( 'NONE', #1543, 1.000000000000000888 ) ;
#1196 = LINE ( 'NONE', #1834, #2522 ) ;
#1197 = ORIENTED_EDGE ( 'NONE', *, *, #2406, .T. ) ;
#1198 = DIRECTION ( 'NONE',  ( -0.000000000000000000, 1.000000000000000000, -0.000000000000000000 ) ) ;
#1199 = AXIS2_PLACEMENT_3D ( 'NONE', #2279, #1218, #2049 ) ;
#1200 = LINE ( 'NONE', #1186, #2421 ) ;
#1201 = ORIENTED_EDGE ( 'NONE', *, *, #987, .T. ) ;
#1202 = CARTESIAN_POINT ( 'NONE',  ( 57.78857622930072324, 32.50000000000000000, -64.25304232336797838 ) ) ;
#1203 = CIRCLE ( 'NONE', #459, 3.000000000000002220 ) ;
#1204 = CARTESIAN_POINT ( 'NONE',  ( 47.00000000000000000, 52.50000000000000711, -60.00000000000000711 ) ) ;
#1205 = AXIS2_PLACEMENT_3D ( 'NONE', #1615, #2232, #2247 ) ;
#1206 = CARTESIAN_POINT ( 'NONE',  ( 61.97092722740664072, 52.50099999999999767, -78.89913045768217614 ) ) ;
#1207 = ADVANCED_FACE ( 'NONE', ( #446 ), #661, .F. ) ;
#1208 = ORIENTED_EDGE ( 'NONE', *, *, #917, .T. ) ;
#1209 = EDGE_CURVE ( 'NONE', #1078, #2146, #1141, .T. ) ;
#1210 = DIRECTION ( 'NONE',  ( -0.7071067811865683339, 0.000000000000000000, -0.7071067811865267005 ) ) ;
#1211 = CARTESIAN_POINT ( 'NONE',  ( -10.00000000000000000, 32.50000000000000000, -69.99999999999998579 ) ) ;
#1212 = VERTEX_POINT ( 'NONE', #749 ) ;
#1213 = DIRECTION ( 'NONE',  ( -0.000000000000000000, -1.000000000000000000, -0.000000000000000000 ) ) ;
#1214 = DIRECTION ( 'NONE',  ( 0.000000000000000000, -1.000000000000000000, 0.000000000000000000 ) ) ;
#1215 = ORIENTED_EDGE ( 'NONE', *, *, #2075, .F. ) ;
#1216 = CARTESIAN_POINT ( 'NONE',  ( 29.99999999999999645, 52.50000000000000000, -60.00000000000000711 ) ) ;
#1217 = AXIS2_PLACEMENT_3D ( 'NONE', #1223, #2081, #2054 ) ;
#1218 = DIRECTION ( 'NONE',  ( -0.000000000000000000, -1.000000000000000000, -0.000000000000000000 ) ) ;
#1219 = CARTESIAN_POINT ( 'NONE',  ( 60.00000000000000711, -42.50000000000001421, -17.10150000000007608 ) ) ;
#1220 = ORIENTED_EDGE ( 'NONE', *, *, #2569, .T. ) ;
#1221 = CARTESIAN_POINT ( 'NONE',  ( 0.9999999999999861222, -32.70000000000000284, -50.10000000000000142 ) ) ;
#1222 = EDGE_CURVE ( 'NONE', #2610, #1269, #1770, .T. ) ;
#1223 = CARTESIAN_POINT ( 'NONE',  ( 64.72792206135784454, 22.50000000000000355, -74.72792206135785875 ) ) ;
#1224 = ORIENTED_EDGE ( 'NONE', *, *, #2151, .T. ) ;
#1225 = FACE_OUTER_BOUND ( 'NONE', #1042, .T. ) ;
#1226 = DIRECTION ( 'NONE',  ( -1.000000000000000000, 0.000000000000000000, 0.000000000000000000 ) ) ;
#1227 = DIRECTION ( 'NONE',  ( 0.000000000000000000, 0.000000000000000000, 1.000000000000000000 ) ) ;
#1228 = CARTESIAN_POINT ( 'NONE',  ( 57.78857622930072324, 50.13125862417385292, -64.25304232336797838 ) ) ;
#1229 = DIRECTION ( 'NONE',  ( 0.000000000000000000, 0.000000000000000000, 1.000000000000000000 ) ) ;
#1230 = ORIENTED_EDGE ( 'NONE', *, *, #1322, .F. ) ;
#1231 = CARTESIAN_POINT ( 'NONE',  ( 50.10000000000001563, -42.50000000000000000, -26.20300000000014506 ) ) ;
#1232 = ORIENTED_EDGE ( 'NONE', *, *, #1353, .F. ) ;
#1233 = DIRECTION ( 'NONE',  ( 0.7071067811865683339, 0.000000000000000000, 0.7071067811865267005 ) ) ;
#1234 = AXIS2_PLACEMENT_3D ( 'NONE', #171, #1436, #625 ) ;
#1235 = ADVANCED_FACE ( 'NONE', ( #567 ), #2412, .T. ) ;
#1236 = ORIENTED_EDGE ( 'NONE', *, *, #1608, .F. ) ;
#1237 = FACE_OUTER_BOUND ( 'NONE', #492, .T. ) ;
#1238 = DIRECTION ( 'NONE',  ( 0.000000000000000000, -1.000000000000000000, 0.000000000000000000 ) ) ;
#1239 = PLANE ( 'NONE',  #887 ) ;
#1240 = LINE ( 'NONE', #410, #196 ) ;
#1241 = DIRECTION ( 'NONE',  ( 1.156482317317871478E-16, 0.000000000000000000, 1.000000000000000000 ) ) ;
#1242 = AXIS2_PLACEMENT_3D ( 'NONE', #738, #300, #1175 ) ;
#1243 = CIRCLE ( 'NONE', #630, 13.00000000000000178 ) ;
#1244 = LINE ( 'NONE', #1043, #1732 ) ;
#1245 = EDGE_LOOP ( 'NONE', ( #45, #960, #140, #111, #2516, #2623 ) ) ;
#1246 = CARTESIAN_POINT ( 'NONE',  ( 60.55671366503357689, 52.50000000000000000, -77.48491689530911231 ) ) ;
#1247 = ORIENTED_EDGE ( 'NONE', *, *, #1470, .F. ) ;
#1248 = DIRECTION ( 'NONE',  ( -1.000000000000000000, 0.000000000000000000, 0.000000000000000000 ) ) ;
#1249 = DIRECTION ( 'NONE',  ( -0.000000000000000000, 1.000000000000000000, -0.000000000000000000 ) ) ;
#1250 = DIRECTION ( 'NONE',  ( -0.000000000000000000, 1.000000000000000000, -0.000000000000000000 ) ) ;
#1251 = EDGE_CURVE ( 'NONE', #657, #97, #390, .T. ) ;
#1252 = CARTESIAN_POINT ( 'NONE',  ( 60.00000000000000711, -42.50000000000000000, -26.20300000000014506 ) ) ;
#1253 = DIRECTION ( 'NONE',  ( -1.000000000000000000, 0.000000000000000000, 4.869399230812090436E-16 ) ) ;
#1254 = EDGE_CURVE ( 'NONE', #1924, #1755, #979, .T. ) ;
#1255 = VECTOR ( 'NONE', #1360, 1000.000000000000000 ) ;
#1256 = AXIS2_PLACEMENT_3D ( 'NONE', #2617, #1580, #2001 ) ;
#1257 = ORIENTED_EDGE ( 'NONE', *, *, #2335, .F. ) ;
#1258 = CARTESIAN_POINT ( 'NONE',  ( 54.25304232336799259, 50.13125862417385292, -67.78857622930071614 ) ) ;
#1259 = VERTEX_POINT ( 'NONE', #298 ) ;
#1260 = ORIENTED_EDGE ( 'NONE', *, *, #774, .T. ) ;
#1261 =( LENGTH_UNIT ( ) NAMED_UNIT ( * ) SI_UNIT ( .MILLI., .METRE. ) );
#1262 = FACE_BOUND ( 'NONE', #1513, .T. ) ;
#1263 = CARTESIAN_POINT ( 'NONE',  ( 29.99999999999999289, 122.7079728939614824, -60.00000000000000711 ) ) ;
#1264 = DIRECTION ( 'NONE',  ( 1.284980352575412699E-16, 0.000000000000000000, -1.000000000000000000 ) ) ;
#1265 = ORIENTED_EDGE ( 'NONE', *, *, #1119, .T. ) ;
#1266 = DIRECTION ( 'NONE',  ( 0.000000000000000000, 0.000000000000000000, -1.000000000000000000 ) ) ;
#1267 = EDGE_CURVE ( 'NONE', #2316, #2146, #1604, .T. ) ;
#1268 = ADVANCED_FACE ( 'NONE', ( #1388 ), #2605, .T. ) ;
#1269 = VERTEX_POINT ( 'NONE', #328 ) ;
#1270 = DIRECTION ( 'NONE',  ( 0.000000000000000000, 0.000000000000000000, 1.000000000000000000 ) ) ;
#1271 = ORIENTED_EDGE ( 'NONE', *, *, #2284, .F. ) ;
#1272 = EDGE_LOOP ( 'NONE', ( #2082, #2686, #1490, #103 ) ) ;
#1273 = LINE ( 'NONE', #658, #1295 ) ;
#1274 = DIRECTION ( 'NONE',  ( 1.000000000000000000, 0.000000000000000000, -1.156482317317871478E-16 ) ) ;
#1275 = DIRECTION ( 'NONE',  ( -0.7071067811865493491, 0.7071067811865455743, 0.000000000000000000 ) ) ;
#1276 = CARTESIAN_POINT ( 'NONE',  ( 64.72792206135784454, 22.50000000000000355, -69.72792206135785875 ) ) ;
#1277 = VERTEX_POINT ( 'NONE', #761 ) ;
#1278 = CIRCLE ( 'NONE', #978, 1.000000000000000888 ) ;
#1279 = LINE ( 'NONE', #1077, #1280 ) ;
#1280 = VECTOR ( 'NONE', #1715, 1000.000000000000000 ) ;
#1281 = VECTOR ( 'NONE', #152, 1000.000000000000000 ) ;
#1282 = ORIENTED_EDGE ( 'NONE', *, *, #2075, .T. ) ;
#1283 = AXIS2_PLACEMENT_3D ( 'NONE', #2366, #1926, #470 ) ;
#1284 = VECTOR ( 'NONE', #1275, 1000.000000000000114 ) ;
#1285 = DIRECTION ( 'NONE',  ( 0.000000000000000000, -0.000000000000000000, 1.000000000000000000 ) ) ;
#1286 = VERTEX_POINT ( 'NONE', #513 ) ;
#1287 = ORIENTED_EDGE ( 'NONE', *, *, #1267, .F. ) ;
#1288 = EDGE_CURVE ( 'NONE', #1763, #1356, #1375, .T. ) ;
#1289 = DIRECTION ( 'NONE',  ( -0.7071067811865578978, 0.000000000000000000, 0.7071067811865372477 ) ) ;
#1290 = CARTESIAN_POINT ( 'NONE',  ( 45.10000000000000853, -37.50000000000002842, -3.000000000000000888 ) ) ;
#1291 = LINE ( 'NONE', #1086, #2567 ) ;
#1292 = ORIENTED_EDGE ( 'NONE', *, *, #506, .T. ) ;
#1293 = CARTESIAN_POINT ( 'NONE',  ( 72.62971733789821371, 30.33025784618519438, -68.59762199089000489 ) ) ;
#1294 = EDGE_LOOP ( 'NONE', ( #1364, #278, #37, #2185, #1099, #285, #1875, #478 ) ) ;
#1295 = VECTOR ( 'NONE', #906, 1000.000000000000000 ) ;
#1296 = VECTOR ( 'NONE', #903, 1000.000000000000000 ) ;
#1297 = CARTESIAN_POINT ( 'NONE',  ( 70.34061258475985312, 34.15139323492642376, -66.45075212186239355 ) ) ;
#1298 = EDGE_CURVE ( 'NONE', #385, #476, #1128, .T. ) ;
#1299 = VERTEX_POINT ( 'NONE', #2588 ) ;
#1300 = ORIENTED_EDGE ( 'NONE', *, *, #2229, .F. ) ;
#1301 = CARTESIAN_POINT ( 'NONE',  ( 15.00000000000000000, 32.49900000000000233, -20.00000000000000000 ) ) ;
#1302 = FACE_OUTER_BOUND ( 'NONE', #1848, .T. ) ;
#1303 = EDGE_CURVE ( 'NONE', #523, #1129, #719, .T. ) ;
#1304 = CARTESIAN_POINT ( 'NONE',  ( 69.55755119280317444, 32.33168168940289178, -73.43382683584519555 ) ) ;
#1305 = CARTESIAN_POINT ( 'NONE',  ( 45.10000000000000853, -32.70000000000000284, -26.20300000000014506 ) ) ;
#1306 = EDGE_LOOP ( 'NONE', ( #1734, #1292, #2143, #329 ) ) ;
#1307 = CARTESIAN_POINT ( 'NONE',  ( 16.20300000000002782, 32.50000000000000000, -60.10000000000000142 ) ) ;
#1308 = CARTESIAN_POINT ( 'NONE',  ( 45.10000000000000853, -42.50000000000001421, -26.20300000000014506 ) ) ;
#1309 = VERTEX_POINT ( 'NONE', #343 ) ;
#1310 = DIRECTION ( 'NONE',  ( 0.000000000000000000, -1.000000000000000000, 0.000000000000000000 ) ) ;
#1311 = ORIENTED_EDGE ( 'NONE', *, *, #568, .F. ) ;
#1312 = ORIENTED_EDGE ( 'NONE', *, *, #485, .F. ) ;
#1313 = CARTESIAN_POINT ( 'NONE',  ( 66.38486238180306032, 33.76069590212525640, -70.00941593549212882 ) ) ;
#1314 = LINE ( 'NONE', #2148, #2159 ) ;
#1315 = CARTESIAN_POINT ( 'NONE',  ( 67.38353534441212389, 30.25877692088778304, -70.48862222975387226 ) ) ;
#1316 = CARTESIAN_POINT ( 'NONE',  ( 65.00000000000000000, 52.50099999999999767, 12.84999999999999787 ) ) ;
#1317 = EDGE_CURVE ( 'NONE', #1881, #1998, #2441, .T. ) ;
#1318 = VERTEX_POINT ( 'NONE', #1990 ) ;
#1319 = CARTESIAN_POINT ( 'NONE',  ( 60.00000000000000711, -42.50000000000000000, -17.10150000000007608 ) ) ;
#1320 = LINE ( 'NONE', #1308, #331 ) ;
#1321 = ORIENTED_EDGE ( 'NONE', *, *, #466, .F. ) ;
#1322 = EDGE_CURVE ( 'NONE', #683, #884, #2630, .T. ) ;
#1323 = VECTOR ( 'NONE', #1152, 1000.000000000000000 ) ;
#1324 = VECTOR ( 'NONE', #702, 1000.000000000000114 ) ;
#1325 = DIRECTION ( 'NONE',  ( 0.000000000000000000, 1.000000000000000000, 0.000000000000000000 ) ) ;
#1326 = ORIENTED_EDGE ( 'NONE', *, *, #162, .T. ) ;
#1327 = AXIS2_PLACEMENT_3D ( 'NONE', #2410, #576, #137 ) ;
#1328 = ORIENTED_EDGE ( 'NONE', *, *, #989, .F. ) ;
#1329 = CARTESIAN_POINT ( 'NONE',  ( 15.00000000000000000, 32.49900000000000233, -17.85000000000000142 ) ) ;
#1330 = AXIS2_PLACEMENT_3D ( 'NONE', #759, #2411, #2209 ) ;
#1331 = CARTESIAN_POINT ( 'NONE',  ( 42.50000000000000000, 32.50000000000000000, -22.14999999999999858 ) ) ;
#1332 = CARTESIAN_POINT ( 'NONE',  ( 0.9999999999999847899, -37.50000000000005684, -50.10000000000000142 ) ) ;
#1333 = DIRECTION ( 'NONE',  ( 0.000000000000000000, -1.000000000000000000, 0.000000000000000000 ) ) ;
#1334 = ORIENTED_EDGE ( 'NONE', *, *, #1066, .F. ) ;
#1335 = CARTESIAN_POINT ( 'NONE',  ( 50.00000000000000000, 52.50000000000000000, -2.999999999999999112 ) ) ;
#1336 = CARTESIAN_POINT ( 'NONE',  ( 73.06279393705760583, 30.97275442604430040, -69.20174754615126744 ) ) ;
#1337 = EDGE_LOOP ( 'NONE', ( #1590, #1092, #1563, #2375, #1236, #565, #621, #1657, #1548, #1884, #644, #1995, #925, #1506, #1659, #1771, #2490, #2163, #174 ) ) ;
#1338 = ADVANCED_FACE ( 'NONE', ( #126 ), #924, .T. ) ;
#1339 = EDGE_CURVE ( 'NONE', #2259, #1745, #1435, .T. ) ;
#1340 = CARTESIAN_POINT ( 'NONE',  ( 73.20643160524387838, 33.61088330281098280, -69.42518219198996121 ) ) ;
#1341 = ORIENTED_EDGE ( 'NONE', *, *, #2507, .T. ) ;
#1342 = VERTEX_POINT ( 'NONE', #110 ) ;
#1343 = CARTESIAN_POINT ( 'NONE',  ( 45.10000000000000853, -42.50000000000001421, -3.000000000000000888 ) ) ;
#1344 = VECTOR ( 'NONE', #1741, 1000.000000000000000 ) ;
#1345 = CARTESIAN_POINT ( 'NONE',  ( 0.9999999999999861222, -77.72675581599834516, -60.10000000000000142 ) ) ;
#1346 = CARTESIAN_POINT ( 'NONE',  ( 7.806255641895631925E-15, 52.50000000000000711, 5.204170427930421283E-15 ) ) ;
#1347 = CARTESIAN_POINT ( 'NONE',  ( 6.101500000000004142, 4.999999999999990230, -30.00000000000000711 ) ) ;
#1348 = ORIENTED_EDGE ( 'NONE', *, *, #1374, .F. ) ;
#1349 = LINE ( 'NONE', #2402, #2025 ) ;
#1350 = LINE ( 'NONE', #2184, #2592 ) ;
#1351 = ORIENTED_EDGE ( 'NONE', *, *, #1087, .T. ) ;
#1352 = CARTESIAN_POINT ( 'NONE',  ( -15.00000000000000000, 52.50099999999999767, 17.14999999999999858 ) ) ;
#1353 = EDGE_CURVE ( 'NONE', #912, #2105, #139, .T. ) ;
#1354 = EDGE_CURVE ( 'NONE', #1885, #186, #2393, .T. ) ;
#1355 = CARTESIAN_POINT ( 'NONE',  ( 69.80668707720600707, 32.50000000000001421, -66.11362313957690162 ) ) ;
#1356 = VERTEX_POINT ( 'NONE', #188 ) ;
#1357 = ORIENTED_EDGE ( 'NONE', *, *, #1353, .T. ) ;
#1358 = CARTESIAN_POINT ( 'NONE',  ( 57.00000000000000000, 52.50000000000000000, 6.999999999999999112 ) ) ;
#1359 = CARTESIAN_POINT ( 'NONE',  ( 49.99999999999999289, 42.50000000000000000, -57.00000000000000000 ) ) ;
#1360 = DIRECTION ( 'NONE',  ( 0.000000000000000000, 0.000000000000000000, -1.000000000000000000 ) ) ;
#1361 = ORIENTED_EDGE ( 'NONE', *, *, #902, .F. ) ;
#1362 = DIRECTION ( 'NONE',  ( 0.000000000000000000, 0.000000000000000000, -1.000000000000000000 ) ) ;
#1363 = LINE ( 'NONE', #2622, #1068 ) ;
#1364 = ORIENTED_EDGE ( 'NONE', *, *, #1254, .F. ) ;
#1365 = DIRECTION ( 'NONE',  ( -0.000000000000000000, -1.000000000000000000, -0.000000000000000000 ) ) ;
#1366 = VECTOR ( 'NONE', #2676, 1000.000000000000000 ) ;
#1367 = CIRCLE ( 'NONE', #2636, 2.149999999999999023 ) ;
#1368 = ORIENTED_EDGE ( 'NONE', *, *, #823, .T. ) ;
#1369 = ORIENTED_EDGE ( 'NONE', *, *, #2536, .F. ) ;
#1370 = LINE ( 'NONE', #322, #1589 ) ;
#1371 = VECTOR ( 'NONE', #1704, 1000.000000000000000 ) ;
#1372 = FACE_OUTER_BOUND ( 'NONE', #2620, .T. ) ;
#1373 = VECTOR ( 'NONE', #1837, 1000.000000000000000 ) ;
#1374 = EDGE_CURVE ( 'NONE', #700, #135, #178, .T. ) ;
#1375 = LINE ( 'NONE', #2014, #687 ) ;
#1376 = VECTOR ( 'NONE', #1725, 1000.000000000000000 ) ;
#1377 = ORIENTED_EDGE ( 'NONE', *, *, #664, .T. ) ;
#1378 = DIRECTION ( 'NONE',  ( -1.000000000000000000, 0.000000000000000000, -6.570922257487911226E-17 ) ) ;
#1379 = LINE ( 'NONE', #2236, #811 ) ;
#1380 = EDGE_LOOP ( 'NONE', ( #1369, #975, #615, #1357 ) ) ;
#1381 = LINE ( 'NONE', #317, #1844 ) ;
#1382 = ORIENTED_EDGE ( 'NONE', *, *, #1389, .T. ) ;
#1383 = ORIENTED_EDGE ( 'NONE', *, *, #2208, .T. ) ;
#1384 = FACE_BOUND ( 'NONE', #1913, .T. ) ;
#1385 = EDGE_CURVE ( 'NONE', #779, #1259, #350, .T. ) ;
#1386 = LINE ( 'NONE', #1795, #2642 ) ;
#1387 = AXIS2_PLACEMENT_3D ( 'NONE', #1171, #1810, #2003 ) ;
#1388 = FACE_OUTER_BOUND ( 'NONE', #1108, .T. ) ;
#1389 = EDGE_CURVE ( 'NONE', #299, #779, #1630, .T. ) ;
#1390 = ORIENTED_EDGE ( 'NONE', *, *, #2474, .T. ) ;
#1391 = AXIS2_PLACEMENT_3D ( 'NONE', #1014, #428, #22 ) ;
#1392 = CARTESIAN_POINT ( 'NONE',  ( 6.101500000000002366, 42.50000000000000000, 4.009248215406250689E-16 ) ) ;
#1393 = LINE ( 'NONE', #983, #1852 ) ;
#1394 = EDGE_LOOP ( 'NONE', ( #575, #1177, #1452, #1642 ) ) ;
#1395 = CARTESIAN_POINT ( 'NONE',  ( 60.00000000000000711, 42.50000000000000000, -3.000000000000000000 ) ) ;
#1396 = ORIENTED_EDGE ( 'NONE', *, *, #1666, .T. ) ;
#1397 = DIRECTION ( 'NONE',  ( -0.000000000000000000, -0.000000000000000000, -1.000000000000000000 ) ) ;
#1398 = PRODUCT_CONTEXT ( 'NONE', #2539, 'mechanical' ) ;
#1399 = DIRECTION ( 'NONE',  ( -0.7071067811865405783, 0.000000000000000000, -0.7071067811865544561 ) ) ;
#1400 = EDGE_LOOP ( 'NONE', ( #76, #1135, #338, #1383 ) ) ;
#1401 = CARTESIAN_POINT ( 'NONE',  ( 59.64915704550964648, 50.13125862417385292, -66.11362313957691583 ) ) ;
#1402 = FACE_OUTER_BOUND ( 'NONE', #1294, .T. ) ;
#1403 = ORIENTED_EDGE ( 'NONE', *, *, #2040, .F. ) ;
#1404 = EDGE_CURVE ( 'NONE', #1318, #678, #1847, .T. ) ;
#1405 = DIRECTION ( 'NONE',  ( -0.000000000000000000, -1.000000000000000000, 0.000000000000000000 ) ) ;
#1406 = ADVANCED_FACE ( 'NONE', ( #840, #814 ), #798, .F. ) ;
#1407 = AXIS2_PLACEMENT_3D ( 'NONE', #799, #405, #1861 ) ;
#1408 = ORIENTED_EDGE ( 'NONE', *, *, #2424, .T. ) ;
#1409 = VECTOR ( 'NONE', #2689, 1000.000000000000000 ) ;
#1410 = AXIS2_PLACEMENT_3D ( 'NONE', #1204, #833, #221 ) ;
#1411 = LINE ( 'NONE', #2013, #1547 ) ;
#1412 = DIRECTION ( 'NONE',  ( 0.000000000000000000, 0.000000000000000000, 1.000000000000000000 ) ) ;
#1413 = VECTOR ( 'NONE', #546, 1000.000000000000000 ) ;
#1414 = DIRECTION ( 'NONE',  ( 0.000000000000000000, 0.000000000000000000, -1.000000000000000000 ) ) ;
#1415 = VERTEX_POINT ( 'NONE', #2263 ) ;
#1416 = CARTESIAN_POINT ( 'NONE',  ( -9.999999999999991118, 42.50000000000000000, 10.00000000000000000 ) ) ;
#1417 = AXIS2_PLACEMENT_3D ( 'NONE', #2414, #1115, #2387 ) ;
#1418 = CARTESIAN_POINT ( 'NONE',  ( 47.00000000000000000, 42.50000000000000000, -57.00000000000000000 ) ) ;
#1419 = VERTEX_POINT ( 'NONE', #1860 ) ;
#1420 = DIRECTION ( 'NONE',  ( 1.156482317317871232E-16, 0.000000000000000000, 1.000000000000000000 ) ) ;
#1421 = AXIS2_PLACEMENT_3D ( 'NONE', #894, #310, #1987 ) ;
#1422 = CYLINDRICAL_SURFACE ( 'NONE', #1199, 5.000000000000004441 ) ;
#1423 = AXIS2_PLACEMENT_3D ( 'NONE', #384, #1214, #2046 ) ;
#1424 = ADVANCED_FACE ( 'NONE', ( #1004 ), #2451, .T. ) ;
#1425 = CARTESIAN_POINT ( 'NONE',  ( -9.000000000000001776, 42.50000000000000000, -68.99999999999997158 ) ) ;
#1426 = EDGE_CURVE ( 'NONE', #1621, #569, #1441, .T. ) ;
#1427 = ORIENTED_EDGE ( 'NONE', *, *, #360, .T. ) ;
#1428 = DIRECTION ( 'NONE',  ( 0.7071067811865525687, -0.000000000000000000, 0.7071067811865425767 ) ) ;
#1429 = CARTESIAN_POINT ( 'NONE',  ( 47.00000000000000000, 52.50000000000000000, -57.00000000000000000 ) ) ;
#1430 = ORIENTED_EDGE ( 'NONE', *, *, #2260, .T. ) ;
#1431 = DIRECTION ( 'NONE',  ( 1.000000000000000000, -0.000000000000000000, -0.000000000000000000 ) ) ;
#1432 = FACE_BOUND ( 'NONE', #1570, .T. ) ;
#1433 = ORIENTED_EDGE ( 'NONE', *, *, #2392, .T. ) ;
#1434 = CARTESIAN_POINT ( 'NONE',  ( 57.00000000000000000, 42.50000000000000000, 6.999999999999999112 ) ) ;
#1435 = CIRCLE ( 'NONE', #82, 12.99999999999999112 ) ;
#1436 = DIRECTION ( 'NONE',  ( 0.000000000000000000, -1.000000000000000000, 0.000000000000000000 ) ) ;
#1437 = DIRECTION ( 'NONE',  ( 0.000000000000000000, 0.000000000000000000, -1.000000000000000000 ) ) ;
#1438 = ORIENTED_EDGE ( 'NONE', *, *, #698, .T. ) ;
#1439 = ADVANCED_FACE ( 'NONE', ( #578 ), #828, .F. ) ;
#1440 = LINE ( 'NONE', #2489, #2437 ) ;
#1441 = LINE ( 'NONE', #394, #515 ) ;
#1442 = ORIENTED_EDGE ( 'NONE', *, *, #1339, .T. ) ;
#1443 = DIRECTION ( 'NONE',  ( 0.000000000000000000, -1.000000000000000000, 0.000000000000000000 ) ) ;
#1444 = LINE ( 'NONE', #2072, #1639 ) ;
#1445 = DIRECTION ( 'NONE',  ( 0.000000000000000000, 1.000000000000000000, 0.000000000000000000 ) ) ;
#1446 = CARTESIAN_POINT ( 'NONE',  ( 45.10000000000000853, -32.70000000000000284, -26.20300000000014506 ) ) ;
#1447 = CARTESIAN_POINT ( 'NONE',  ( 47.00000000000000000, 42.50000000000000000, -70.00000000000000000 ) ) ;
#1448 = DIRECTION ( 'NONE',  ( -0.000000000000000000, -1.000000000000000000, -0.000000000000000000 ) ) ;
#1449 = ADVANCED_FACE ( 'NONE', ( #404 ), #620, .F. ) ;
#1450 = ORIENTED_EDGE ( 'NONE', *, *, #923, .T. ) ;
#1451 = CARTESIAN_POINT ( 'NONE',  ( 64.72792206135784454, 52.50099999999999767, -74.72792206135785875 ) ) ;
#1452 = ORIENTED_EDGE ( 'NONE', *, *, #1537, .F. ) ;
#1453 = DIRECTION ( 'NONE',  ( -0.000000000000000000, -1.000000000000000000, -0.000000000000000000 ) ) ;
#1454 = ADVANCED_FACE ( 'NONE', ( #1031, #633 ), #2467, .T. ) ;
#1455 = DIRECTION ( 'NONE',  ( 0.000000000000000000, 0.000000000000000000, -1.000000000000000000 ) ) ;
#1456 = VECTOR ( 'NONE', #1264, 1000.000000000000000 ) ;
#1457 = CARTESIAN_POINT ( 'NONE',  ( 45.10000000000000853, -37.50000000000002842, -3.000000000000000888 ) ) ;
#1458 = DIRECTION ( 'NONE',  ( -0.000000000000000000, -1.000000000000000000, -0.000000000000000000 ) ) ;
#1459 = CARTESIAN_POINT ( 'NONE',  ( 16.20300000000002782, -77.72675581599834516, -60.10000000000000142 ) ) ;
#1460 = AXIS2_PLACEMENT_3D ( 'NONE', #2225, #1198, #180 ) ;
#1461 = CIRCLE ( 'NONE', #1205, 9.999999999999994671 ) ;
#1462 = ORIENTED_EDGE ( 'NONE', *, *, #1222, .T. ) ;
#1463 = CARTESIAN_POINT ( 'NONE',  ( 29.99999999999999289, 42.50000000000000000, -60.00000000000000711 ) ) ;
#1464 = EDGE_LOOP ( 'NONE', ( #629, #2211 ) ) ;
#1465 = CARTESIAN_POINT ( 'NONE',  ( 60.00000000000000711, 42.50000000000000000, -17.10150000000007608 ) ) ;
#1466 = EDGE_CURVE ( 'NONE', #1164, #127, #1045, .T. ) ;
#1467 = CARTESIAN_POINT ( 'NONE',  ( 8.673617379884035472E-16, 52.50000000000000711, -60.00000000000000000 ) ) ;
#1468 = DIRECTION ( 'NONE',  ( 0.000000000000000000, 1.000000000000000000, 0.000000000000000000 ) ) ;
#1469 = FACE_OUTER_BOUND ( 'NONE', #544, .T. ) ;
#1470 = EDGE_CURVE ( 'NONE', #943, #2244, #1196, .T. ) ;
#1471 = CARTESIAN_POINT ( 'NONE',  ( -9.999999999999991118, 32.50000000000000000, 10.00000000000000000 ) ) ;
#1472 = CARTESIAN_POINT ( 'NONE',  ( 47.00000000000000000, 42.50000000000000000, 2.168404344971008868E-15 ) ) ;
#1473 = AXIS2_PLACEMENT_3D ( 'NONE', #543, #775, #1972 ) ;
#1474 = AXIS2_PLACEMENT_3D ( 'NONE', #1504, #1325, #264 ) ;
#1475 = VERTEX_POINT ( 'NONE', #12 ) ;
#1476 = DIRECTION ( 'NONE',  ( 0.7071067811865514585, 0.000000000000000000, 0.7071067811865435759 ) ) ;
#1477 = ORIENTED_EDGE ( 'NONE', *, *, #1747, .T. ) ;
#1478 = ORIENTED_EDGE ( 'NONE', *, *, #961, .F. ) ;
#1479 = CARTESIAN_POINT ( 'NONE',  ( 67.38594015715831631, 34.74248016343147327, -70.49019750944347606 ) ) ;
#1480 = PLANE ( 'NONE',  #2113 ) ;
#1481 = DIRECTION ( 'NONE',  ( 0.000000000000000000, 0.000000000000000000, 1.000000000000000000 ) ) ;
#1482 = DIRECTION ( 'NONE',  ( -0.000000000000000000, 1.000000000000000000, -0.000000000000000000 ) ) ;
#1483 = ORIENTED_EDGE ( 'NONE', *, *, #2370, .F. ) ;
#1484 = DIRECTION ( 'NONE',  ( 0.000000000000000000, 0.000000000000000000, -1.000000000000000000 ) ) ;
#1485 = EDGE_CURVE ( 'NONE', #2364, #289, #2233, .T. ) ;
#1486 = EDGE_CURVE ( 'NONE', #1945, #2658, #2657, .T. ) ;
#1487 = ORIENTED_EDGE ( 'NONE', *, *, #2406, .F. ) ;
#1488 = FACE_OUTER_BOUND ( 'NONE', #1999, .T. ) ;
#1489 = ORIENTED_EDGE ( 'NONE', *, *, #785, .F. ) ;
#1490 = ORIENTED_EDGE ( 'NONE', *, *, #1137, .F. ) ;
#1491 = DIRECTION ( 'NONE',  ( 0.000000000000000000, 0.000000000000000000, -1.000000000000000000 ) ) ;
#1492 = DIRECTION ( 'NONE',  ( 0.000000000000000000, -1.000000000000000000, 0.000000000000000000 ) ) ;
#1493 = CARTESIAN_POINT ( 'NONE',  ( 67.25753598882354822, 30.33616865774541793, -70.41275762720610487 ) ) ;
#1494 = CARTESIAN_POINT ( 'NONE',  ( -30.00000000000000000, 62.50000000000000000, -90.00000000000001421 ) ) ;
#1495 = ORIENTED_EDGE ( 'NONE', *, *, #1588, .F. ) ;
#1496 = CIRCLE ( 'NONE', #2108, 22.99999999999999289 ) ;
#1497 = CARTESIAN_POINT ( 'NONE',  ( 72.34771475762791226, 30.12838441425449787, -68.25013657639330233 ) ) ;
#1498 = EDGE_CURVE ( 'NONE', #2658, #2514, #381, .T. ) ;
#1499 = VECTOR ( 'NONE', #206, 1000.000000000000000 ) ;
#1500 = VECTOR ( 'NONE', #2213, 1000.000000000000000 ) ;
#1501 = CIRCLE ( 'NONE', #1283, 5.000000000000004441 ) ;
#1502 = EDGE_CURVE ( 'NONE', #1713, #993, #2668, .T. ) ;
#1503 = VECTOR ( 'NONE', #817, 1000.000000000000114 ) ;
#1504 = CARTESIAN_POINT ( 'NONE',  ( 47.00000000000000000, 42.50000000000000000, -3.000000000000000000 ) ) ;
#1505 = ORIENTED_EDGE ( 'NONE', *, *, #1617, .F. ) ;
#1506 = ORIENTED_EDGE ( 'NONE', *, *, #2439, .F. ) ;
#1507 = FACE_OUTER_BOUND ( 'NONE', #272, .T. ) ;
#1508 = DIRECTION ( 'NONE',  ( 0.000000000000000000, -1.000000000000000000, 0.000000000000000000 ) ) ;
#1509 = CARTESIAN_POINT ( 'NONE',  ( 67.77002929173882251, 30.08225513789030359, -70.75651672132777037 ) ) ;
#1510 = DIRECTION ( 'NONE',  ( 1.000000000000000000, 0.000000000000000000, -0.000000000000000000 ) ) ;
#1511 = ORIENTED_EDGE ( 'NONE', *, *, #588, .F. ) ;
#1512 = CARTESIAN_POINT ( 'NONE',  ( 71.56220379686844524, 30.01660009305680532, -67.42598710173132304 ) ) ;
#1513 = EDGE_LOOP ( 'NONE', ( #524, #1102 ) ) ;
#1514 = VECTOR ( 'NONE', #1616, 1000.000000000000000 ) ;
#1515 = AXIS2_PLACEMENT_3D ( 'NONE', #453, #1285, #1899 ) ;
#1516 = CARTESIAN_POINT ( 'NONE',  ( 72.63670568185561649, 34.68378402987524822, -68.60074091886636438 ) ) ;
#1517 = EDGE_CURVE ( 'NONE', #2557, #1184, #1903, .T. ) ;
#1518 = EDGE_LOOP ( 'NONE', ( #1450, #2640, #431, #1430 ) ) ;
#1519 = EDGE_LOOP ( 'NONE', ( #1586, #713, #656, #680, #2477, #2386, #1215 ) ) ;
#1520 = PLANE ( 'NONE',  #2478 ) ;
#1521 = LINE ( 'NONE', #1111, #1764 ) ;
#1522 = CARTESIAN_POINT ( 'NONE',  ( 66.04031484937952712, 32.16969768587047440, -69.90308551327194664 ) ) ;
#1523 = ADVANCED_FACE ( 'NONE', ( #1941 ), #673, .T. ) ;
#1524 = FACE_BOUND ( 'NONE', #1610, .T. ) ;
#1525 = ORIENTED_EDGE ( 'NONE', *, *, #2350, .F. ) ;
#1526 = LINE ( 'NONE', #1946, #1893 ) ;
#1527 = CARTESIAN_POINT ( 'NONE',  ( 71.32481710695115851, 30.08065177886286534, -67.21083241493374771 ) ) ;
#1528 = ORIENTED_EDGE ( 'NONE', *, *, #1949, .T. ) ;
#1529 = DIRECTION ( 'NONE',  ( 0.000000000000000000, 0.000000000000000000, -1.000000000000000000 ) ) ;
#1530 = VERTEX_POINT ( 'NONE', #1465 ) ;
#1531 = ORIENTED_EDGE ( 'NONE', *, *, #1298, .T. ) ;
#1532 = CARTESIAN_POINT ( 'NONE',  ( 68.02139517739327346, 34.98321049826926554, -70.96228742715562987 ) ) ;
#1533 = CARTESIAN_POINT ( 'NONE',  ( 57.78857622930072324, 42.50000000000000000, -64.25304232336797838 ) ) ;
#1534 = ADVANCED_FACE ( 'NONE', ( #2298 ), #1520, .F. ) ;
#1535 = CARTESIAN_POINT ( 'NONE',  ( 69.51685194236851828, 31.68380112534766724, -73.28875306585946703 ) ) ;
#1536 = CYLINDRICAL_SURFACE ( 'NONE', #2345, 1.000000000000000888 ) ;
#1537 = EDGE_CURVE ( 'NONE', #97, #1475, #1273, .T. ) ;
#1538 = VERTEX_POINT ( 'NONE', #1914 ) ;
#1539 = LINE ( 'NONE', #1307, #1850 ) ;
#1540 = CARTESIAN_POINT ( 'NONE',  ( 73.33367847930057337, 32.17071120146967900, -69.63458710426370146 ) ) ;
#1541 = ORIENTED_EDGE ( 'NONE', *, *, #9, .F. ) ;
#1542 = AXIS2_PLACEMENT_3D ( 'NONE', #1434, #2472, #600 ) ;
#1543 = AXIS2_PLACEMENT_3D ( 'NONE', #2302, #1622, #434 ) ;
#1544 = AXIS2_PLACEMENT_3D ( 'NONE', #1849, #191, #368 ) ;
#1545 = DIRECTION ( 'NONE',  ( -1.000000000000000000, 0.000000000000000000, 0.000000000000000000 ) ) ;
#1546 = ORIENTED_EDGE ( 'NONE', *, *, #1041, .F. ) ;
#1547 = VECTOR ( 'NONE', #1168, 1000.000000000000000 ) ;
#1548 = ORIENTED_EDGE ( 'NONE', *, *, #1339, .F. ) ;
#1549 = CARTESIAN_POINT ( 'NONE',  ( 42.50000000000000000, 32.50000000000000000, -17.85000000000000142 ) ) ;
#1550 = VECTOR ( 'NONE', #1753, 1000.000000000000000 ) ;
#1551 = CARTESIAN_POINT ( 'NONE',  ( 0.000000000000000000, -42.50000000000000000, 0.000000000000000000 ) ) ;
#1552 = PLANE ( 'NONE',  #850 ) ;
#1553 = CARTESIAN_POINT ( 'NONE',  ( 65.00000000000000000, 52.50000000000000000, 15.00000000000000000 ) ) ;
#1554 = EDGE_CURVE ( 'NONE', #161, #307, #133, .T. ) ;
#1555 = ORIENTED_EDGE ( 'NONE', *, *, #989, .T. ) ;
#1556 = PLANE ( 'NONE',  #2420 ) ;
#1557 = CARTESIAN_POINT ( 'NONE',  ( -15.00000000000000000, 42.50000000000000000, 15.00000000000000000 ) ) ;
#1558 = ORIENTED_EDGE ( 'NONE', *, *, #373, .T. ) ;
#1559 = EDGE_CURVE ( 'NONE', #299, #1929, #457, .T. ) ;
#1560 = CARTESIAN_POINT ( 'NONE',  ( -28.99999999999999645, 42.50000000000000000, 30.00000000000000000 ) ) ;
#1561 = MANIFOLD_SOLID_BREP ( 'Cut-Extrude5', #323 ) ;
#1562 = FACE_OUTER_BOUND ( 'NONE', #2214, .T. ) ;
#1563 = ORIENTED_EDGE ( 'NONE', *, *, #257, .F. ) ;
#1564 = ORIENTED_EDGE ( 'NONE', *, *, #559, .T. ) ;
#1565 = DIRECTION ( 'NONE',  ( -0.000000000000000000, -0.000000000000000000, 1.000000000000000000 ) ) ;
#1566 = AXIS2_PLACEMENT_3D ( 'NONE', #1907, #1689, #2561 ) ;
#1567 = DIRECTION ( 'NONE',  ( 0.000000000000000000, -1.000000000000000000, 0.000000000000000000 ) ) ;
#1568 = DIRECTION ( 'NONE',  ( 1.000000000000000000, 0.000000000000000000, 0.000000000000000000 ) ) ;
#1569 = DIRECTION ( 'NONE',  ( 1.476360405086644309E-16, -0.000000000000000000, 1.000000000000000000 ) ) ;
#1570 = EDGE_LOOP ( 'NONE', ( #71, #1487, #532, #468 ) ) ;
#1571 = DIRECTION ( 'NONE',  ( -0.7071067811865372477, 0.000000000000000000, -0.7071067811865578978 ) ) ;
#1572 = CARTESIAN_POINT ( 'NONE',  ( -30.00000000000000000, 62.50000000000000000, 28.99999999999999645 ) ) ;
#1573 = ORIENTED_EDGE ( 'NONE', *, *, #650, .T. ) ;
#1574 = DIRECTION ( 'NONE',  ( 0.000000000000000000, 0.000000000000000000, -1.000000000000000000 ) ) ;
#1575 = ADVANCED_FACE ( 'NONE', ( #1507 ), #686, .F. ) ;
#1576 = EDGE_CURVE ( 'NONE', #1939, #385, #1740, .T. ) ;
#1577 = VERTEX_POINT ( 'NONE', #295 ) ;
#1578 = EDGE_LOOP ( 'NONE', ( #744, #1742 ) ) ;
#1579 = CARTESIAN_POINT ( 'NONE',  ( 69.05167115239449060, 34.67923985396907938, -72.19797916573966745 ) ) ;
#1580 = DIRECTION ( 'NONE',  ( 0.000000000000000000, 1.000000000000000000, 0.000000000000000000 ) ) ;
#1581 = CYLINDRICAL_SURFACE ( 'NONE', #1937, 1.000000000000000888 ) ;
#1582 = DIRECTION ( 'NONE',  ( 0.7071067811865525687, -0.000000000000000000, 0.7071067811865425767 ) ) ;
#1583 = ORIENTED_EDGE ( 'NONE', *, *, #1789, .F. ) ;
#1584 = CARTESIAN_POINT ( 'NONE',  ( 16.20300000000002782, -42.50000000000000000, -50.10000000000000142 ) ) ;
#1585 = DIRECTION ( 'NONE',  ( -0.000000000000000000, -1.000000000000000000, -0.000000000000000000 ) ) ;
#1586 = ORIENTED_EDGE ( 'NONE', *, *, #175, .F. ) ;
#1587 = CARTESIAN_POINT ( 'NONE',  ( 16.20300000000002782, -32.70000000000000284, -60.10000000000000142 ) ) ;
#1588 = EDGE_CURVE ( 'NONE', #1627, #2610, #2164, .T. ) ;
#1589 = VECTOR ( 'NONE', #1565, 1000.000000000000000 ) ;
#1590 = ORIENTED_EDGE ( 'NONE', *, *, #2554, .F. ) ;
#1591 = ORIENTED_EDGE ( 'NONE', *, *, #2208, .F. ) ;
#1592 = EDGE_CURVE ( 'NONE', #2352, #363, #920, .T. ) ;
#1593 = DIRECTION ( 'NONE',  ( 0.000000000000000000, -1.000000000000000000, 0.000000000000000000 ) ) ;
#1594 = DIRECTION ( 'NONE',  ( 0.000000000000000000, 1.000000000000000000, 0.000000000000000000 ) ) ;
#1595 = VECTOR ( 'NONE', #192, 1000.000000000000000 ) ;
#1596 = ORIENTED_EDGE ( 'NONE', *, *, #2626, .F. ) ;
#1597 = CARTESIAN_POINT ( 'NONE',  ( 65.00000000000000000, 42.50000000000000000, 12.84999999999999787 ) ) ;
#1598 = DIRECTION ( 'NONE',  ( -0.000000000000000000, 1.000000000000000000, -0.000000000000000000 ) ) ;
#1599 = EDGE_LOOP ( 'NONE', ( #551, #865, #2031, #429, #91 ) ) ;
#1600 = CARTESIAN_POINT ( 'NONE',  ( -8.999999999999992895, 42.50000000000000000, 10.00000000000000000 ) ) ;
#1601 = ORIENTED_EDGE ( 'NONE', *, *, #1617, .T. ) ;
#1602 = LINE ( 'NONE', #540, #376 ) ;
#1603 = EDGE_CURVE ( 'NONE', #203, #1151, #1750, .T. ) ;
#1604 = LINE ( 'NONE', #1784, #1255 ) ;
#1605 = VERTEX_POINT ( 'NONE', #1549 ) ;
#1606 = VECTOR ( 'NONE', #2309, 1000.000000000000000 ) ;
#1607 = FACE_OUTER_BOUND ( 'NONE', #1065, .T. ) ;
#1608 = EDGE_CURVE ( 'NONE', #619, #1277, #2325, .T. ) ;
#1609 = DIRECTION ( 'NONE',  ( 0.000000000000000000, 0.000000000000000000, 1.000000000000000000 ) ) ;
#1610 = EDGE_LOOP ( 'NONE', ( #182, #1032 ) ) ;
#1611 = PLANE ( 'NONE',  #18 ) ;
#1612 = ORIENTED_EDGE ( 'NONE', *, *, #236, .F. ) ;
#1614 = PLANE ( 'NONE',  #2683 ) ;
#1613 = B_SPLINE_CURVE_WITH_KNOTS ( 'NONE', 3,
 ( #2120, #1922, #490, #251, #2161, #1340, #101, #1079, #930, #1120, #1516, #2175, #1953, #89, #1746, #306, #1720, #2599, #2555, #1134, #1911, #1297, #47, #875, #2538, #669, #2336, #465, #318, #1355 ),
 .UNSPECIFIED., .F., .F.,
 ( 4, 2, 2, 2, 2, 2, 2, 2, 2, 2, 2, 2, 2, 2, 4 ),
 ( 0.000000000000000000, 0.0004904567045371322018, 0.0009809134090742644037, 0.001471370113611396606, 0.001961826818148528807, 0.002942740227222810125, 0.003433196931759977671, 0.003923653636297145218, 0.004414110340834313632, 0.004904567045371481179, 0.005885480454445830151, 0.006375937158983013310, 0.006866393863520195602, 0.007356850568057378761, 0.007847307272594561053 ),
 .UNSPECIFIED. ) ;
#1615 = CARTESIAN_POINT ( 'NONE',  ( 64.72792206135784454, 42.50000000000000000, -74.72792206135785875 ) ) ;
#1616 = DIRECTION ( 'NONE',  ( 0.000000000000000000, -1.000000000000000000, 0.000000000000000000 ) ) ;
#1617 = EDGE_CURVE ( 'NONE', #1356, #2316, #1931, .T. ) ;
#1618 = ORIENTED_EDGE ( 'NONE', *, *, #499, .T. ) ;
#1619 = DIRECTION ( 'NONE',  ( -6.570922257487911226E-17, 0.000000000000000000, 1.000000000000000000 ) ) ;
#1620 = LINE ( 'NONE', #1162, #674 ) ;
#1621 = VERTEX_POINT ( 'NONE', #1968 ) ;
#1622 = DIRECTION ( 'NONE',  ( -0.000000000000000000, -1.000000000000000000, -0.000000000000000000 ) ) ;
#1623 = EDGE_CURVE ( 'NONE', #1577, #442, #93, .T. ) ;
#1624 = DIRECTION ( 'NONE',  ( -1.000000000000000000, 0.000000000000000000, 1.156482317317871478E-16 ) ) ;
#1625 = CARTESIAN_POINT ( 'NONE',  ( 69.51682095456652632, 33.31634781625629671, -73.28866196626495366 ) ) ;
#1626 = AXIS2_PLACEMENT_3D ( 'NONE', #2497, #1458, #2291 ) ;
#1627 = VERTEX_POINT ( 'NONE', #538 ) ;
#1628 = CARTESIAN_POINT ( 'NONE',  ( 60.00000000000000711, -77.72675581599834516, -3.000000000000000000 ) ) ;
#1629 = VECTOR ( 'NONE', #386, 1000.000000000000000 ) ;
#1630 = LINE ( 'NONE', #2504, #1693 ) ;
#1631 = LINE ( 'NONE', #596, #665 ) ;
#1632 = CARTESIAN_POINT ( 'NONE',  ( 64.72792206135784454, 22.50000000000000355, -74.72792206135785875 ) ) ;
#1633 = PLANE ( 'NONE',  #119 ) ;
#1634 = ORIENTED_EDGE ( 'NONE', *, *, #1354, .T. ) ;
#1635 = EDGE_CURVE ( 'NONE', #1212, #853, #510, .T. ) ;
#1636 = PLANE ( 'NONE',  #2587 ) ;
#1637 = CIRCLE ( 'NONE', #29, 2.149999999999999023 ) ;
#1638 = DIRECTION ( 'NONE',  ( -0.000000000000000000, 1.000000000000000000, -0.000000000000000000 ) ) ;
#1639 = VECTOR ( 'NONE', #1034, 1000.000000000000000 ) ;
#1640 = EDGE_CURVE ( 'NONE', #1778, #670, #1370, .T. ) ;
#1641 = DIRECTION ( 'NONE',  ( -0.000000000000000000, -1.000000000000000000, -0.000000000000000000 ) ) ;
#1642 = ORIENTED_EDGE ( 'NONE', *, *, #2038, .F. ) ;
#1643 = DIRECTION ( 'NONE',  ( 0.000000000000000000, -1.000000000000000000, 0.000000000000000000 ) ) ;
#1644 = CARTESIAN_POINT ( 'NONE',  ( 16.20300000000002782, -37.50000000000005684, -50.10000000000000142 ) ) ;
#1645 = ORIENTED_EDGE ( 'NONE', *, *, #2240, .T. ) ;
#1646 = DIRECTION ( 'NONE',  ( 0.000000000000000000, -1.000000000000000000, 0.000000000000000000 ) ) ;
#1647 = FACE_OUTER_BOUND ( 'NONE', #61, .T. ) ;
#1648 = VECTOR ( 'NONE', #1698, 1000.000000000000000 ) ;
#1649 = DIRECTION ( 'NONE',  ( 0.000000000000000000, -0.000000000000000000, -1.000000000000000000 ) ) ;
#1650 = AXIS2_PLACEMENT_3D ( 'NONE', #1938, #1105, #888 ) ;
#1651 = DIRECTION ( 'NONE',  ( 1.156482317317871478E-16, 0.000000000000000000, 1.000000000000000000 ) ) ;
#1652 = DIRECTION ( 'NONE',  ( 1.000000000000000000, 0.000000000000000000, -0.000000000000000000 ) ) ;
#1653 = EDGE_CURVE ( 'NONE', #2527, #2182, #2382, .T. ) ;
#1654 = ORIENTED_EDGE ( 'NONE', *, *, #2091, .T. ) ;
#1655 = EDGE_CURVE ( 'NONE', #75, #993, #795, .T. ) ;
#1656 = CARTESIAN_POINT ( 'NONE',  ( 80.00000000000000000, 42.50000000000000000, 7.000000000000006217 ) ) ;
#1657 = ORIENTED_EDGE ( 'NONE', *, *, #1702, .T. ) ;
#1658 = DIRECTION ( 'NONE',  ( -0.000000000000000000, 1.000000000000000000, -0.000000000000000000 ) ) ;
#1659 = ORIENTED_EDGE ( 'NONE', *, *, #144, .F. ) ;
#1660 = CARTESIAN_POINT ( 'NONE',  ( -8.999999999999992895, 32.50000000000000000, 9.000000000000001776 ) ) ;
#1661 = FACE_BOUND ( 'NONE', #48, .T. ) ;
#1662 = DIRECTION ( 'NONE',  ( 0.000000000000000000, 1.000000000000000000, -0.000000000000000000 ) ) ;
#1663 = CARTESIAN_POINT ( 'NONE',  ( 60.00000000000000711, -42.50000000000001421, -14.60150000000007608 ) ) ;
#1664 = DIRECTION ( 'NONE',  ( 0.000000000000000000, 0.000000000000000000, -1.000000000000000000 ) ) ;
#1665 = VERTEX_POINT ( 'NONE', #2462 ) ;
#1666 = EDGE_CURVE ( 'NONE', #1166, #1910, #590, .T. ) ;
#1667 = CARTESIAN_POINT ( 'NONE',  ( 59.64915704550964648, 42.50000000000000000, -66.11362313957691583 ) ) ;
#1668 = EDGE_CURVE ( 'NONE', #1044, #1945, #1278, .T. ) ;
#1669 = VERTEX_POINT ( 'NONE', #105 ) ;
#1670 = DIRECTION ( 'NONE',  ( -0.000000000000000000, 1.000000000000000000, -0.000000000000000000 ) ) ;
#1671 = AXIS2_PLACEMENT_3D ( 'NONE', #1816, #1405, #1574 ) ;
#1672 = DIRECTION ( 'NONE',  ( -1.156482317317871478E-16, 0.000000000000000000, -1.000000000000000000 ) ) ;
#1673 = CARTESIAN_POINT ( 'NONE',  ( 11.10150000000000325, 42.50000000000000000, 7.294709344150207165E-16 ) ) ;
#1674 = VECTOR ( 'NONE', #2192, 1000.000000000000000 ) ;
#1675 = DIRECTION ( 'NONE',  ( 0.000000000000000000, 0.000000000000000000, -1.000000000000000000 ) ) ;
#1676 = VECTOR ( 'NONE', #921, 1000.000000000000000 ) ;
#1677 = FACE_OUTER_BOUND ( 'NONE', #1518, .T. ) ;
#1678 = CARTESIAN_POINT ( 'NONE',  ( 60.00000000000000711, -77.72675581599834516, -26.20300000000014506 ) ) ;
#1679 = VECTOR ( 'NONE', #1782, 1000.000000000000000 ) ;
#1680 = CIRCLE ( 'NONE', #725, 13.00000000000000533 ) ;
#1681 = ORIENTED_EDGE ( 'NONE', *, *, #54, .T. ) ;
#1682 = CARTESIAN_POINT ( 'NONE',  ( 0.9999999999999861222, -42.50000000000000000, -50.10000000000000142 ) ) ;
#1683 = VERTEX_POINT ( 'NONE', #388 ) ;
#1684 = ORIENTED_EDGE ( 'NONE', *, *, #1949, .F. ) ;
#1685 = PRESENTATION_STYLE_ASSIGNMENT (( #2353 ) ) ;
#1686 = EDGE_CURVE ( 'NONE', #2448, #1076, #1766, .T. ) ;
#1687 = DIRECTION ( 'NONE',  ( -0.000000000000000000, 1.000000000000000000, -0.000000000000000000 ) ) ;
#1688 = CARTESIAN_POINT ( 'NONE',  ( 80.00000000000000000, 42.50000000000000000, 30.00000000000000000 ) ) ;
#1689 = DIRECTION ( 'NONE',  ( 0.000000000000000000, -1.000000000000000000, 0.000000000000000000 ) ) ;
#1690 = ADVANCED_FACE ( 'NONE', ( #1780 ), #603, .F. ) ;
#1691 = ORIENTED_EDGE ( 'NONE', *, *, #1098, .T. ) ;
#1692 = LINE ( 'NONE', #250, #2111 ) ;
#1693 = VECTOR ( 'NONE', #1015, 1000.000000000000000 ) ;
#1694 = ORIENTED_EDGE ( 'NONE', *, *, #407, .F. ) ;
#1695 = LINE ( 'NONE', #1029, #134 ) ;
#1696 = ORIENTED_EDGE ( 'NONE', *, *, #291, .F. ) ;
#1697 = EDGE_LOOP ( 'NONE', ( #2127, #2015, #971, #1992 ) ) ;
#1698 = DIRECTION ( 'NONE',  ( -0.000000000000000000, -1.000000000000000000, -0.000000000000000000 ) ) ;
#1699 = CARTESIAN_POINT ( 'NONE',  ( 59.84960688384700234, 52.50000000000000000, -78.19202367649563712 ) ) ;
#1700 = CARTESIAN_POINT ( 'NONE',  ( 68.79558036333696691, 30.13180542892517977, -71.81629001101127585 ) ) ;
#1701 = DIRECTION ( 'NONE',  ( -0.000000000000000000, -1.000000000000000000, -0.000000000000000000 ) ) ;
#1702 = EDGE_CURVE ( 'NONE', #2482, #1745, #2678, .T. ) ;
#1703 = VERTEX_POINT ( 'NONE', #1395 ) ;
#1704 = DIRECTION ( 'NONE',  ( -0.000000000000000000, 1.000000000000000000, -0.000000000000000000 ) ) ;
#1705 = ADVANCED_FACE ( 'NONE', ( #1790 ), #334, .F. ) ;
#1706 = PLANE ( 'NONE',  #1952 ) ;
#1707 = EDGE_LOOP ( 'NONE', ( #104, #2358, #2344, #2464 ) ) ;
#1708 = ORIENTED_EDGE ( 'NONE', *, *, #1559, .F. ) ;
#1709 = DIRECTION ( 'NONE',  ( 0.000000000000000000, 0.000000000000000000, -1.000000000000000000 ) ) ;
#1710 = DIRECTION ( 'NONE',  ( 0.000000000000000000, -1.000000000000000000, 0.000000000000000000 ) ) ;
#1711 = FACE_OUTER_BOUND ( 'NONE', #382, .T. ) ;
#1712 = LINE ( 'NONE', #65, #2434 ) ;
#1713 = VERTEX_POINT ( 'NONE', #2405 ) ;
#1714 = VECTOR ( 'NONE', #1662, 1000.000000000000000 ) ;
#1715 = DIRECTION ( 'NONE',  ( -0.000000000000000000, -1.000000000000000000, -0.000000000000000000 ) ) ;
#1716 = ORIENTED_EDGE ( 'NONE', *, *, #1209, .T. ) ;
#1717 = PRODUCT_RELATED_PRODUCT_CATEGORY ( 'part', '', ( #342 ) ) ;
#1718 = AXIS2_PLACEMENT_3D ( 'NONE', #28, #1687, #610 ) ;
#1719 = VECTOR ( 'NONE', #2166, 1000.000000000000114 ) ;
#1720 = CARTESIAN_POINT ( 'NONE',  ( 71.56328606791859670, 34.98363463184721667, -67.42698714907636770 ) ) ;
#1721 = ORIENTED_EDGE ( 'NONE', *, *, #2008, .F. ) ;
#1722 = EDGE_LOOP ( 'NONE', ( #1982, #1696, #1721, #599 ) ) ;
#1723 = DIRECTION ( 'NONE',  ( 0.000000000000000000, -1.000000000000000000, 0.000000000000000000 ) ) ;
#1724 = PLANE ( 'NONE',  #2466 ) ;
#1725 = DIRECTION ( 'NONE',  ( -1.000000000000000000, 0.000000000000000000, 1.476360405086644309E-16 ) ) ;
#1726 = PLANE ( 'NONE',  #1781 ) ;
#1727 = ORIENTED_EDGE ( 'NONE', *, *, #72, .F. ) ;
#1728 = FACE_OUTER_BOUND ( 'NONE', #1030, .T. ) ;
#1729 = CARTESIAN_POINT ( 'NONE',  ( 72.02722979844202200, 30.01605556482617843, -67.89082128505955893 ) ) ;
#1730 = ORIENTED_EDGE ( 'NONE', *, *, #2038, .T. ) ;
#1731 = AXIS2_PLACEMENT_3D ( 'NONE', #855, #2572, #1094 ) ;
#1732 = VECTOR ( 'NONE', #1448, 1000.000000000000000 ) ;
#1733 = CARTESIAN_POINT ( 'NONE',  ( 42.50000000000000000, 32.49900000000000233, -22.14999999999999858 ) ) ;
#1734 = ORIENTED_EDGE ( 'NONE', *, *, #521, .T. ) ;
#1735 = ORIENTED_EDGE ( 'NONE', *, *, #2010, .T. ) ;
#1736 = ADVANCED_FACE ( 'NONE', ( #533 ), #1611, .F. ) ;
#1737 = CARTESIAN_POINT ( 'NONE',  ( 47.00000000000000000, 42.50000000000000000, -70.00000000000000000 ) ) ;
#1738 = CARTESIAN_POINT ( 'NONE',  ( 0.000000000000000000, -37.50000000000005684, -50.10000000000000142 ) ) ;
#1739 = CARTESIAN_POINT ( 'NONE',  ( 61.26382044622012302, 52.50099999999999767, -79.60623723886871517 ) ) ;
#1740 = B_SPLINE_CURVE_WITH_KNOTS ( 'NONE', 3,
 ( #1082, #1109, #480, #878, #2543, #2134, #1313, #646, #280, #1887, #27, #2518, #1479, #2312, #443, #1532, #934, #1138, #701, #2365, #494, #1579, #2050, #2602, #2409, #2616, #1956, #1625, #1842, #375, #2242, #1012 ),
 .UNSPECIFIED., .F., .F.,
 ( 4, 2, 2, 2, 2, 2, 2, 2, 2, 2, 2, 2, 2, 2, 2, 4 ),
 ( 0.007951492273476369263, 0.008447582061164932848, 0.008943671848853498169, 0.009439761636542061754, 0.009935851424230625339, 0.01043194121191919066, 0.01092803099960775425, 0.01142412078729631783, 0.01192021057498488315, 0.01241630036267344847, 0.01291239015036201032, 0.01390456972573919994, 0.01440065951342778261, 0.01489674930111636181, 0.01539283908880494448, 0.01588892887649352367 ),
 .UNSPECIFIED. ) ;
#1741 = DIRECTION ( 'NONE',  ( 0.7071067811865514585, 0.000000000000000000, -0.7071067811865435759 ) ) ;
#1742 = ORIENTED_EDGE ( 'NONE', *, *, #88, .F. ) ;
#1743 = FACE_OUTER_BOUND ( 'NONE', #509, .T. ) ;
#1744 = CARTESIAN_POINT ( 'NONE',  ( 16.20300000000002782, 32.50000000000000000, -60.10000000000000142 ) ) ;
#1745 = VERTEX_POINT ( 'NONE', #1202 ) ;
#1746 = CARTESIAN_POINT ( 'NONE',  ( 71.91552661699144267, 34.99993280898933534, -67.77341474886830497 ) ) ;
#1747 = EDGE_CURVE ( 'NONE', #518, #1763, #542, .T. ) ;
#1748 = ORIENTED_EDGE ( 'NONE', *, *, #2476, .T. ) ;
#1749 = ORIENTED_EDGE ( 'NONE', *, *, #973, .F. ) ;
#1750 = LINE ( 'NONE', #1219, #1803 ) ;
#1751 = DIRECTION ( 'NONE',  ( 0.000000000000000000, -0.7071067811865494601, 0.7071067811865456854 ) ) ;
#1752 = EDGE_CURVE ( 'NONE', #161, #765, #2391, .T. ) ;
#1753 = DIRECTION ( 'NONE',  ( 0.000000000000000000, 1.000000000000000000, -0.000000000000000000 ) ) ;
#1754 = DIRECTION ( 'NONE',  ( -0.000000000000000000, 1.000000000000000000, -0.000000000000000000 ) ) ;
#1755 = VERTEX_POINT ( 'NONE', #2009 ) ;
#1756 = DIRECTION ( 'NONE',  ( -0.000000000000000000, -1.000000000000000000, -0.000000000000000000 ) ) ;
#1757 = CARTESIAN_POINT ( 'NONE',  ( 0.9999999999999861222, 32.50000000000000000, -60.10000000000000142 ) ) ;
#1758 = VERTEX_POINT ( 'NONE', #1587 ) ;
#1759 = PRESENTATION_LAYER_ASSIGNMENT (  '', '', ( #234 ) ) ;
#1760 = VECTOR ( 'NONE', #1829, 1000.000000000000000 ) ;
#1761 = VECTOR ( 'NONE', #2632, 1000.000000000000000 ) ;
#1762 = CARTESIAN_POINT ( 'NONE',  ( 6.101500000000007695, -42.50000000000000000, -69.99999999999998579 ) ) ;
#1763 = VERTEX_POINT ( 'NONE', #145 ) ;
#1764 = VECTOR ( 'NONE', #1942, 1000.000000000000000 ) ;
#1765 = VERTEX_POINT ( 'NONE', #519 ) ;
#1766 = LINE ( 'NONE', #2397, #1062 ) ;
#1767 = AXIS2_PLACEMENT_3D ( 'NONE', #2633, #831, #1048 ) ;
#1768 = DIRECTION ( 'NONE',  ( 0.000000000000000000, 0.000000000000000000, -1.000000000000000000 ) ) ;
#1769 = CARTESIAN_POINT ( 'NONE',  ( 47.00000000000000000, 42.50000000000000000, -57.00000000000000000 ) ) ;
#1770 = LINE ( 'NONE', #735, #602 ) ;
#1771 = ORIENTED_EDGE ( 'NONE', *, *, #554, .T. ) ;
#1772 = CARTESIAN_POINT ( 'NONE',  ( 47.00000000000000000, 52.50000000000000711, -57.00000000000000000 ) ) ;
#1773 = CARTESIAN_POINT ( 'NONE',  ( -30.00000000000000000, 62.50000000000000000, 30.00000000000000000 ) ) ;
#1774 = ORIENTED_EDGE ( 'NONE', *, *, #1267, .T. ) ;
#1775 = CARTESIAN_POINT ( 'NONE',  ( 16.20300000000002782, -42.50000000000001421, -69.99999999999998579 ) ) ;
#1776 = EDGE_CURVE ( 'NONE', #1923, #2162, #1189, .T. ) ;
#1777 = VECTOR ( 'NONE', #473, 1000.000000000000000 ) ;
#1778 = VERTEX_POINT ( 'NONE', #1165 ) ;
#1779 = ORIENTED_EDGE ( 'NONE', *, *, #1098, .F. ) ;
#1780 = FACE_OUTER_BOUND ( 'NONE', #275, .T. ) ;
#1781 = AXIS2_PLACEMENT_3D ( 'NONE', #1060, #1892, #1075 ) ;
#1782 = DIRECTION ( 'NONE',  ( -0.000000000000000000, -0.000000000000000000, 1.000000000000000000 ) ) ;
#1783 = DIRECTION ( 'NONE',  ( 0.000000000000000000, 0.000000000000000000, -1.000000000000000000 ) ) ;
#1784 = CARTESIAN_POINT ( 'NONE',  ( 80.00000000000000000, 52.50000000000000000, 30.00000000000000000 ) ) ;
#1785 = ORIENTED_EDGE ( 'NONE', *, *, #499, .F. ) ;
#1786 = DIRECTION ( 'NONE',  ( -1.000000000000000000, 0.000000000000000000, 0.000000000000000000 ) ) ;
#1787 = CYLINDRICAL_SURFACE ( 'NONE', #2073, 2.149999999999999023 ) ;
#1788 = EDGE_LOOP ( 'NONE', ( #2404, #2673, #2132, #81, #1005, #2285 ) ) ;
#1789 = EDGE_CURVE ( 'NONE', #2244, #2282, #1178, .T. ) ;
#1790 = FACE_OUTER_BOUND ( 'NONE', #1697, .T. ) ;
#1791 = ADVANCED_FACE ( 'NONE', ( #2418 ), #548, .T. ) ;
#1792 = ORIENTED_EDGE ( 'NONE', *, *, #1084, .T. ) ;
#1793 = VERTEX_POINT ( 'NONE', #997 ) ;
#1794 = LINE ( 'NONE', #393, #986 ) ;
#1795 = CARTESIAN_POINT ( 'NONE',  ( 47.00000000000000000, 42.50000000000000000, 9.999999999999996447 ) ) ;
#1796 = DIRECTION ( 'NONE',  ( -0.000000000000000000, 1.000000000000000000, -0.000000000000000000 ) ) ;
#1797 = EDGE_LOOP ( 'NONE', ( #1564, #2275, #988 ) ) ;
#1798 = CARTESIAN_POINT ( 'NONE',  ( -9.000000000000001776, 42.50000000000000000, -69.99999999999998579 ) ) ;
#1799 = DIRECTION ( 'NONE',  ( -0.000000000000000000, -1.000000000000000000, -0.000000000000000000 ) ) ;
#1800 = VERTEX_POINT ( 'NONE', #1775 ) ;
#1801 = CARTESIAN_POINT ( 'NONE',  ( 47.00000000000000000, 42.50000000000000000, -3.000000000000000000 ) ) ;
#1802 = EDGE_CURVE ( 'NONE', #2105, #1929, #327, .T. ) ;
#1803 = VECTOR ( 'NONE', #732, 1000.000000000000114 ) ;
#1804 = PRODUCT_DEFINITION_CONTEXT ( 'detailed design', #2299, 'design' ) ;
#1805 = ORIENTED_EDGE ( 'NONE', *, *, #1882, .T. ) ;
#1806 = VECTOR ( 'NONE', #2032, 1000.000000000000000 ) ;
#1807 = EDGE_CURVE ( 'NONE', #1765, #2190, #1381, .T. ) ;
#1808 = DIRECTION ( 'NONE',  ( 1.000000000000000000, 0.000000000000000000, -1.084202172485504681E-16 ) ) ;
#1809 = VECTOR ( 'NONE', #1855, 1000.000000000000000 ) ;
#1810 = DIRECTION ( 'NONE',  ( -0.7071067811865435759, 0.000000000000000000, -0.7071067811865514585 ) ) ;
#1811 = VECTOR ( 'NONE', #1249, 1000.000000000000000 ) ;
#1812 = ORIENTED_EDGE ( 'NONE', *, *, #424, .F. ) ;
#1813 = LINE ( 'NONE', #1392, #807 ) ;
#1814 = LINE ( 'NONE', #571, #2598 ) ;
#1815 = ORIENTED_EDGE ( 'NONE', *, *, #588, .T. ) ;
#1816 = CARTESIAN_POINT ( 'NONE',  ( -28.99999999999999645, 62.50000000000000000, -89.00000000000001421 ) ) ;
#1817 = ORIENTED_EDGE ( 'NONE', *, *, #1666, .F. ) ;
#1818 = EDGE_CURVE ( 'NONE', #1763, #1831, #948, .T. ) ;
#1819 = DIRECTION ( 'NONE',  ( 0.000000000000000000, 0.000000000000000000, 1.000000000000000000 ) ) ;
#1820 = CARTESIAN_POINT ( 'NONE',  ( 0.000000000000000000, 0.000000000000000000, 0.000000000000000000 ) ) ;
#1821 = ADVANCED_FACE ( 'NONE', ( #2635 ), #2019, .F. ) ;
#1822 = VECTOR ( 'NONE', #595, 1000.000000000000000 ) ;
#1823 = CARTESIAN_POINT ( 'NONE',  ( 45.10000000000000853, -37.50000000000002842, 0.000000000000000000 ) ) ;
#1824 = ORIENTED_EDGE ( 'NONE', *, *, #728, .T. ) ;
#1825 = FACE_BOUND ( 'NONE', #876, .T. ) ;
#1826 = CARTESIAN_POINT ( 'NONE',  ( 64.72792206135784454, 22.50000000000000355, -74.72792206135785875 ) ) ;
#1827 = ORIENTED_EDGE ( 'NONE', *, *, #1588, .T. ) ;
#1828 = CARTESIAN_POINT ( 'NONE',  ( -15.00000000000000000, 42.50000000000000000, -75.00000000000000000 ) ) ;
#1829 = DIRECTION ( 'NONE',  ( -0.000000000000000000, 1.000000000000000000, -0.000000000000000000 ) ) ;
#1830 = CARTESIAN_POINT ( 'NONE',  ( -28.99999999999999645, 62.50000000000000000, -90.00000000000001421 ) ) ;
#1831 = VERTEX_POINT ( 'NONE', #1560 ) ;
#1832 = CARTESIAN_POINT ( 'NONE',  ( 16.20300000000002782, -37.50000000000005684, -50.10000000000000142 ) ) ;
#1833 = EDGE_CURVE ( 'NONE', #2146, #709, #1496, .T. ) ;
#1834 = CARTESIAN_POINT ( 'NONE',  ( 80.00000000000000000, 42.50000000000000000, 30.00000000000000000 ) ) ;
#1835 = ADVANCED_FACE ( 'NONE', ( #985 ), #1146, .T. ) ;
#1836 = ORIENTED_EDGE ( 'NONE', *, *, #305, .T. ) ;
#1837 = DIRECTION ( 'NONE',  ( 0.000000000000000000, -1.000000000000000000, 0.000000000000000000 ) ) ;
#1838 = LINE ( 'NONE', #1572, #1500 ) ;
#1839 = ORIENTED_EDGE ( 'NONE', *, *, #1070, .T. ) ;
#1840 = LINE ( 'NONE', #1909, #806 ) ;
#1841 = DIRECTION ( 'NONE',  ( 0.000000000000000000, 0.000000000000000000, -1.000000000000000000 ) ) ;
#1842 = CARTESIAN_POINT ( 'NONE',  ( 69.53204952382290571, 33.16066378474799592, -73.34163601175913527 ) ) ;
#1843 = ORIENTED_EDGE ( 'NONE', *, *, #2460, .T. ) ;
#1844 = VECTOR ( 'NONE', #2215, 1000.000000000000000 ) ;
#1845 = DIRECTION ( 'NONE',  ( 0.000000000000000000, 0.000000000000000000, -1.000000000000000000 ) ) ;
#1846 = AXIS2_PLACEMENT_3D ( 'NONE', #2306, #861, #1266 ) ;
#1847 = LINE ( 'NONE', #1246, #563 ) ;
#1848 = EDGE_LOOP ( 'NONE', ( #2541, #241, #1348, #1361 ) ) ;
#1849 = CARTESIAN_POINT ( 'NONE',  ( 0.9999999999999861222, -77.72675581599834516, -60.10000000000000142 ) ) ;
#1850 = VECTOR ( 'NONE', #2141, 1000.000000000000000 ) ;
#1851 = CARTESIAN_POINT ( 'NONE',  ( 59.64915704550964648, 32.50000000000000000, -66.11362313957691583 ) ) ;
#1852 = VECTOR ( 'NONE', #2198, 1000.000000000000000 ) ;
#1853 = LINE ( 'NONE', #2086, #2241 ) ;
#1854 = EDGE_CURVE ( 'NONE', #964, #2552, #131, .T. ) ;
#1855 = DIRECTION ( 'NONE',  ( 1.284980352575412699E-16, 0.000000000000000000, -1.000000000000000000 ) ) ;
#1856 = LINE ( 'NONE', #1868, #2328 ) ;
#1857 = EDGE_CURVE ( 'NONE', #552, #2364, #2289, .T. ) ;
#1858 = CARTESIAN_POINT ( 'NONE',  ( 16.20300000000002782, -77.72675581599834516, -69.99999999999998579 ) ) ;
#1859 = ORIENTED_EDGE ( 'NONE', *, *, #73, .T. ) ;
#1860 = CARTESIAN_POINT ( 'NONE',  ( 56.11362313957692294, 42.50000000000000000, -69.64915704550962516 ) ) ;
#1861 = DIRECTION ( 'NONE',  ( -1.000000000000000000, 0.000000000000000000, -0.000000000000000000 ) ) ;
#1862 = CARTESIAN_POINT ( 'NONE',  ( -28.99999999999999645, 52.50000000000000000, -90.00000000000001421 ) ) ;
#1863 = CARTESIAN_POINT ( 'NONE',  ( 45.10000000000000853, -37.50000000000002842, -26.20300000000014506 ) ) ;
#1864 = VECTOR ( 'NONE', #165, 1000.000000000000000 ) ;
#1865 = CARTESIAN_POINT ( 'NONE',  ( -10.00000000000000000, 42.50000000000000000, -68.99999999999997158 ) ) ;
#1866 = AXIS2_PLACEMENT_3D ( 'NONE', #36, #826, #864 ) ;
#1867 = CARTESIAN_POINT ( 'NONE',  ( 7.806255641895631925E-15, 42.50000000000000000, 5.204170427930421283E-15 ) ) ;
#1868 = CARTESIAN_POINT ( 'NONE',  ( 47.00000000000000000, 52.50000000000000711, -60.00000000000000711 ) ) ;
#1869 = EDGE_CURVE ( 'NONE', #699, #1356, #2099, .T. ) ;
#1870 = EDGE_CURVE ( 'NONE', #943, #699, #1104, .T. ) ;
#1871 = ORIENTED_EDGE ( 'NONE', *, *, #2569, .F. ) ;
#1872 = LINE ( 'NONE', #10, #2304 ) ;
#1873 = ORIENTED_EDGE ( 'NONE', *, *, #2675, .F. ) ;
#1874 = DIRECTION ( 'NONE',  ( 0.7071067811865578978, 0.000000000000000000, -0.7071067811865371366 ) ) ;
#1875 = ORIENTED_EDGE ( 'NONE', *, *, #681, .F. ) ;
#1876 = DIRECTION ( 'NONE',  ( -0.000000000000000000, -1.000000000000000000, -0.000000000000000000 ) ) ;
#1877 = LINE ( 'NONE', #1059, #31 ) ;
#1878 = DIRECTION ( 'NONE',  ( 0.7071067811865525687, -0.000000000000000000, 0.7071067811865425767 ) ) ;
#1879 = FACE_OUTER_BOUND ( 'NONE', #1394, .T. ) ;
#1880 = DIRECTION ( 'NONE',  ( -0.000000000000000000, -1.000000000000000000, -0.000000000000000000 ) ) ;
#1881 = VERTEX_POINT ( 'NONE', #1216 ) ;
#1882 = EDGE_CURVE ( 'NONE', #186, #1885, #370, .T. ) ;
#1883 = LINE ( 'NONE', #2500, #86 ) ;
#1884 = ORIENTED_EDGE ( 'NONE', *, *, #2010, .F. ) ;
#1885 = VERTEX_POINT ( 'NONE', #423 ) ;
#1886 = ADVANCED_FACE ( 'NONE', ( #1469 ), #2059, .F. ) ;
#1887 = CARTESIAN_POINT ( 'NONE',  ( 66.89559690404894354, 34.38117314087116938, -70.22060427785598336 ) ) ;
#1888 = VECTOR ( 'NONE', #2178, 1000.000000000000000 ) ;
#1889 = DIRECTION ( 'NONE',  ( 0.000000000000000000, -1.000000000000000000, 0.000000000000000000 ) ) ;
#1890 = DIRECTION ( 'NONE',  ( 0.000000000000000000, 1.000000000000000000, 0.000000000000000000 ) ) ;
#1891 = AXIS2_PLACEMENT_3D ( 'NONE', #1678, #1229, #17 ) ;
#1892 = DIRECTION ( 'NONE',  ( 0.000000000000000000, -1.000000000000000000, 0.000000000000000000 ) ) ;
#1893 = VECTOR ( 'NONE', #2372, 1000.000000000000000 ) ;
#1894 = ORIENTED_EDGE ( 'NONE', *, *, #1103, .F. ) ;
#1895 = FACE_OUTER_BOUND ( 'NONE', #932, .T. ) ;
#1896 = VECTOR ( 'NONE', #1210, 1000.000000000000000 ) ;
#1897 = AXIS2_PLACEMENT_3D ( 'NONE', #966, #2221, #527 ) ;
#1898 = ORIENTED_EDGE ( 'NONE', *, *, #755, .F. ) ;
#1899 = DIRECTION ( 'NONE',  ( 1.000000000000000000, 0.000000000000000000, -0.000000000000000000 ) ) ;
#1900 = EDGE_CURVE ( 'NONE', #1605, #1683, #1853, .T. ) ;
#1901 = ORIENTED_EDGE ( 'NONE', *, *, #942, .T. ) ;
#1902 = EDGE_LOOP ( 'NONE', ( #2471, #2530, #2468, #169 ) ) ;
#1903 = LINE ( 'NONE', #1737, #2128 ) ;
#1904 = FACE_OUTER_BOUND ( 'NONE', #2408, .T. ) ;
#1905 = ADVANCED_FACE ( 'NONE', ( #15 ), #1636, .F. ) ;
#1906 = CARTESIAN_POINT ( 'NONE',  ( 47.00000000000000000, 42.50000000000000000, -60.00000000000000711 ) ) ;
#1907 = CARTESIAN_POINT ( 'NONE',  ( -28.99999999999999645, 42.50000000000000000, 28.99999999999999645 ) ) ;
#1908 = ORIENTED_EDGE ( 'NONE', *, *, #2376, .T. ) ;
#1909 = CARTESIAN_POINT ( 'NONE',  ( 8.673617379884035472E-16, 52.50000000000000000, -60.00000000000000000 ) ) ;
#1910 = VERTEX_POINT ( 'NONE', #832 ) ;
#1911 = CARTESIAN_POINT ( 'NONE',  ( 70.63033882727192747, 34.49893316471730742, -66.65222860527907756 ) ) ;
#1912 = ORIENTED_EDGE ( 'NONE', *, *, #901, .F. ) ;
#1913 = EDGE_LOOP ( 'NONE', ( #2007, #2047, #254, #949, #2320, #2217 ) ) ;
#1914 = CARTESIAN_POINT ( 'NONE',  ( 11.10150000000000681, -42.50000000000000000, -69.99999999999998579 ) ) ;
#1915 = CARTESIAN_POINT ( 'NONE',  ( 60.00000000000000711, 42.50000000000000000, -57.00000000000000000 ) ) ;
#1916 = CARTESIAN_POINT ( 'NONE',  ( 69.23559975478733008, 30.61954710923184209, -72.56100880088239080 ) ) ;
#1917 = DIRECTION ( 'NONE',  ( 1.000000000000000000, 2.792641959432360638E-16, -0.000000000000000000 ) ) ;
#1918 = ADVANCED_FACE ( 'NONE', ( #193 ), #1239, .F. ) ;
#1919 = ORIENTED_EDGE ( 'NONE', *, *, #868, .F. ) ;
#1920 = CARTESIAN_POINT ( 'NONE',  ( 7.806255641895631925E-15, 52.50000000000000000, 5.204170427930421283E-15 ) ) ;
#1921 = ORIENTED_EDGE ( 'NONE', *, *, #1288, .T. ) ;
#1922 = CARTESIAN_POINT ( 'NONE',  ( 73.34222098313875904, 32.66589334429689018, -69.64915704550962516 ) ) ;
#1923 = VERTEX_POINT ( 'NONE', #2485 ) ;
#1924 = VERTEX_POINT ( 'NONE', #612 ) ;
#1925 =( NAMED_UNIT ( * ) PLANE_ANGLE_UNIT ( ) SI_UNIT ( $, .RADIAN. ) );
#1926 = DIRECTION ( 'NONE',  ( -0.000000000000000000, 1.000000000000000000, -0.000000000000000000 ) ) ;
#1927 = DIRECTION ( 'NONE',  ( 1.000000000000000000, 0.000000000000000000, -7.381802025433222780E-17 ) ) ;
#1928 = CARTESIAN_POINT ( 'NONE',  ( 42.50000000000000000, 32.50000000000000000, -22.14999999999999858 ) ) ;
#1929 = VERTEX_POINT ( 'NONE', #183 ) ;
#1930 = DIRECTION ( 'NONE',  ( -0.7071067811865578978, 0.000000000000000000, 0.7071067811865372477 ) ) ;
#1931 = CIRCLE ( 'NONE', #2154, 23.00000000000000000 ) ;
#1932 = CARTESIAN_POINT ( 'NONE',  ( -8.999999999999992895, 32.50000000000000000, 10.00000000000000000 ) ) ;
#1933 = ORIENTED_EDGE ( 'NONE', *, *, #2474, .F. ) ;
#1934 = EDGE_CURVE ( 'NONE', #2552, #1009, #667, .T. ) ;
#1935 = AXIS2_PLACEMENT_3D ( 'NONE', #13, #458, #2483 ) ;
#1936 = EDGE_CURVE ( 'NONE', #1683, #1910, #1367, .T. ) ;
#1937 = AXIS2_PLACEMENT_3D ( 'NONE', #2002, #2644, #125 ) ;
#1938 = CARTESIAN_POINT ( 'NONE',  ( -15.00000000000000000, 52.50099999999999767, -75.00000000000000000 ) ) ;
#1939 = VERTEX_POINT ( 'NONE', #1035 ) ;
#1940 = ORIENTED_EDGE ( 'NONE', *, *, #1466, .F. ) ;
#1941 = FACE_OUTER_BOUND ( 'NONE', #904, .T. ) ;
#1942 = DIRECTION ( 'NONE',  ( 0.000000000000000000, -1.000000000000000000, 0.000000000000000000 ) ) ;
#1943 = CARTESIAN_POINT ( 'NONE',  ( 66.02201728687036564, 32.50000000000001421, -69.89829292991250043 ) ) ;
#1944 = FACE_OUTER_BOUND ( 'NONE', #1984, .T. ) ;
#1945 = VERTEX_POINT ( 'NONE', #1865 ) ;
#1946 = CARTESIAN_POINT ( 'NONE',  ( 60.00000000000000711, 32.50000000000000000, -3.000000000000000000 ) ) ;
#1947 = DIRECTION ( 'NONE',  ( 1.000000000000000000, -0.000000000000000000, 0.000000000000000000 ) ) ;
#1948 = ORIENTED_EDGE ( 'NONE', *, *, #1686, .T. ) ;
#1949 = EDGE_CURVE ( 'NONE', #203, #1530, #5, .T. ) ;
#1950 = AXIS2_PLACEMENT_3D ( 'NONE', #2324, #50, #1709 ) ;
#1951 = EDGE_CURVE ( 'NONE', #2556, #2527, #624, .T. ) ;
#1952 = AXIS2_PLACEMENT_3D ( 'NONE', #1733, #2349, #1545 ) ;
#1953 = CARTESIAN_POINT ( 'NONE',  ( 72.24495354752779974, 34.91948348202250685, -68.13092331178178540 ) ) ;
#1954 = ORIENTED_EDGE ( 'NONE', *, *, #407, .T. ) ;
#1955 = ORIENTED_EDGE ( 'NONE', *, *, #743, .T. ) ;
#1956 = CARTESIAN_POINT ( 'NONE',  ( 69.47410663876880221, 33.61641124076416531, -73.15351608199657107 ) ) ;
#1957 = FACE_OUTER_BOUND ( 'NONE', #2012, .T. ) ;
#1958 = CARTESIAN_POINT ( 'NONE',  ( 66.36841496751310387, 31.23623781888783668, -70.00259959563499024 ) ) ;
#1959 = DIRECTION ( 'NONE',  ( -0.000000000000000000, 1.000000000000000000, -0.000000000000000000 ) ) ;
#1960 = ORIENTED_EDGE ( 'NONE', *, *, #666, .F. ) ;
#1961 = CARTESIAN_POINT ( 'NONE',  ( -8.999999999999992895, 42.50000000000000000, 9.000000000000001776 ) ) ;
#1962 = CARTESIAN_POINT ( 'NONE',  ( 71.20532251066217100, 30.12846226218824697, -67.10777621591508080 ) ) ;
#1963 = ORIENTED_EDGE ( 'NONE', *, *, #2284, .T. ) ;
#1964 = CARTESIAN_POINT ( 'NONE',  ( 42.50000000000000000, 42.50000000000000000, -22.14999999999999858 ) ) ;
#1965 = ORIENTED_EDGE ( 'NONE', *, *, #2151, .F. ) ;
#1966 = ORIENTED_EDGE ( 'NONE', *, *, #1155, .F. ) ;
#1967 = EDGE_CURVE ( 'NONE', #1703, #2282, #843, .T. ) ;
#1968 = CARTESIAN_POINT ( 'NONE',  ( 64.72792206135784454, 52.50000000000000000, -79.72792206135787296 ) ) ;
#1969 = CARTESIAN_POINT ( 'NONE',  ( 50.00000000000000000, 42.50000000000000000, -2.999999999999999112 ) ) ;
#1970 = DIRECTION ( 'NONE',  ( -0.000000000000000000, 1.000000000000000000, -0.000000000000000000 ) ) ;
#1971 = EDGE_CURVE ( 'NONE', #2658, #136, #1195, .T. ) ;
#1972 = DIRECTION ( 'NONE',  ( 0.000000000000000000, 0.000000000000000000, 1.000000000000000000 ) ) ;
#1973 = EDGE_LOOP ( 'NONE', ( #2106, #199, #2549, #1965 ) ) ;
#1974 = FACE_OUTER_BOUND ( 'NONE', #90, .T. ) ;
#1975 = PLANE ( 'NONE',  #2243 ) ;
#1976 = ORIENTED_EDGE ( 'NONE', *, *, #1818, .T. ) ;
#1977 = DIRECTION ( 'NONE',  ( -1.000000000000000000, 0.000000000000000000, -0.000000000000000000 ) ) ;
#1978 = VECTOR ( 'NONE', #172, 1000.000000000000000 ) ;
#1979 = CIRCLE ( 'NONE', #935, 2.150000000000000799 ) ;
#1980 = VECTOR ( 'NONE', #777, 1000.000000000000000 ) ;
#1981 = CARTESIAN_POINT ( 'NONE',  ( 8.673617379884035472E-16, 52.50000000000000000, -60.00000000000000000 ) ) ;
#1982 = ORIENTED_EDGE ( 'NONE', *, *, #2355, .F. ) ;
#1983 = CIRCLE ( 'NONE', #849, 2.149999999999999023 ) ;
#1984 = EDGE_LOOP ( 'NONE', ( #882, #2270, #115, #1583, #1247, #2583, #2413, #55, #1081, #2614, #593, #933, #2696, #1114, #348, #2331 ) ) ;
#1985 = DIRECTION ( 'NONE',  ( -0.000000000000000000, 1.000000000000000000, -0.000000000000000000 ) ) ;
#1986 = VECTOR ( 'NONE', #2431, 1000.000000000000000 ) ;
#1987 = DIRECTION ( 'NONE',  ( 0.000000000000000000, 0.000000000000000000, -1.000000000000000000 ) ) ;
#1988 = EDGE_CURVE ( 'NONE', #2206, #2251, #2457, .T. ) ;
#1989 = CARTESIAN_POINT ( 'NONE',  ( -10.00000000000000000, 32.50000000000000000, -68.99999999999997158 ) ) ;
#1990 = CARTESIAN_POINT ( 'NONE',  ( 59.84960688384700234, 52.50000000000000000, -78.19202367649563712 ) ) ;
#1991 = EDGE_CURVE ( 'NONE', #2316, #943, #2255, .T. ) ;
#1992 = ORIENTED_EDGE ( 'NONE', *, *, #1776, .T. ) ;
#1993 = LINE ( 'NONE', #2359, #284 ) ;
#1994 = CARTESIAN_POINT ( 'NONE',  ( 25.00000000000000000, 122.7079728939614824, -60.00000000000000711 ) ) ;
#1995 = ORIENTED_EDGE ( 'NONE', *, *, #1857, .F. ) ;
#1996 = DIRECTION ( 'NONE',  ( 0.000000000000000000, 0.000000000000000000, 1.000000000000000000 ) ) ;
#1997 = VECTOR ( 'NONE', #248, 1000.000000000000000 ) ;
#1998 = VERTEX_POINT ( 'NONE', #1010 ) ;
#1999 = EDGE_LOOP ( 'NONE', ( #757, #2395, #1528 ) ) ;
#2000 = AXIS2_PLACEMENT_3D ( 'NONE', #2568, #682, #477 ) ;
#2001 = DIRECTION ( 'NONE',  ( 0.000000000000000000, 0.000000000000000000, 1.000000000000000000 ) ) ;
#2002 = CARTESIAN_POINT ( 'NONE',  ( -9.000000000000001776, 42.50000000000000000, -68.99999999999997158 ) ) ;
#2003 = DIRECTION ( 'NONE',  ( -0.7071067811865514585, 0.000000000000000000, 0.7071067811865435759 ) ) ;
#2004 = ORIENTED_EDGE ( 'NONE', *, *, #1084, .F. ) ;
#2005 = CARTESIAN_POINT ( 'NONE',  ( 15.00000000000000000, 42.50000000000000000, -17.85000000000000142 ) ) ;
#2006 = LINE ( 'NONE', #970, #247 ) ;
#2007 = ORIENTED_EDGE ( 'NONE', *, *, #521, .F. ) ;
#2008 = EDGE_CURVE ( 'NONE', #1076, #2227, #1840, .T. ) ;
#2009 = CARTESIAN_POINT ( 'NONE',  ( 64.72792206135784454, 42.50000000000000000, -84.72792206135785875 ) ) ;
#2010 = EDGE_CURVE ( 'NONE', #289, #2259, #7, .T. ) ;
#2011 = VERTEX_POINT ( 'NONE', #411 ) ;
#2012 = EDGE_LOOP ( 'NONE', ( #190, #1546, #1596, #1525, #35, #947, #2351, #1408, #873, #1618, #1933, #2361, #928, #2582 ) ) ;
#2013 = CARTESIAN_POINT ( 'NONE',  ( -30.00000000000000000, 42.50000000000000000, 30.00000000000000000 ) ) ;
#2014 = CARTESIAN_POINT ( 'NONE',  ( -30.00000000000000000, 52.50000000000000000, 30.00000000000000000 ) ) ;
#2015 = ORIENTED_EDGE ( 'NONE', *, *, #2692, .F. ) ;
#2016 = DIRECTION ( 'NONE',  ( 0.000000000000000000, 0.000000000000000000, -1.000000000000000000 ) ) ;
#2017 = CARTESIAN_POINT ( 'NONE',  ( 54.25304232336799259, 42.50000000000000000, -67.78857622930071614 ) ) ;
#2018 = ORIENTED_EDGE ( 'NONE', *, *, #1991, .F. ) ;
#2019 = PLANE ( 'NONE',  #711 ) ;
#2020 = EDGE_CURVE ( 'NONE', #1945, #1093, #834, .T. ) ;
#2021 = VECTOR ( 'NONE', #309, 1000.000000000000000 ) ;
#2022 = ADVANCED_FACE ( 'NONE', ( #1895 ), #34, .T. ) ;
#2023 = VECTOR ( 'NONE', #1063, 1000.000000000000000 ) ;
#2024 = ORIENTED_EDGE ( 'NONE', *, *, #1635, .T. ) ;
#2025 = VECTOR ( 'NONE', #2197, 1000.000000000000000 ) ;
#2026 = DIRECTION ( 'NONE',  ( 0.000000000000000000, 0.000000000000000000, -1.000000000000000000 ) ) ;
#2027 =( LENGTH_UNIT ( ) NAMED_UNIT ( * ) SI_UNIT ( .MILLI., .METRE. ) );
#2028 = CIRCLE ( 'NONE', #1327, 2.149999999999997247 ) ;
#2029 = CARTESIAN_POINT ( 'NONE',  ( 60.00000000000000711, 32.50000000000000000, -26.20300000000014506 ) ) ;
#2030 = AXIS2_PLACEMENT_3D ( 'NONE', #325, #2440, #1412 ) ;
#2031 = ORIENTED_EDGE ( 'NONE', *, *, #1967, .F. ) ;
#2032 = DIRECTION ( 'NONE',  ( -1.000000000000000000, -0.000000000000000000, -0.000000000000000000 ) ) ;
#2033 = CARTESIAN_POINT ( 'NONE',  ( 80.00000000000000000, 42.50000000000002132, 30.00000000000000000 ) ) ;
#2034 = ORIENTED_EDGE ( 'NONE', *, *, #1623, .T. ) ;
#2035 = DIRECTION ( 'NONE',  ( 1.000000000000000000, 0.000000000000000000, 1.314184451497582245E-16 ) ) ;
#2036 = CARTESIAN_POINT ( 'NONE',  ( 0.9999999999999874545, -42.50000000000001421, -69.99999999999998579 ) ) ;
#2037 = DIRECTION ( 'NONE',  ( 0.000000000000000000, 1.000000000000000000, 0.000000000000000000 ) ) ;
#2038 = EDGE_CURVE ( 'NONE', #1259, #97, #1856, .T. ) ;
#2039 = EDGE_LOOP ( 'NONE', ( #1072, #454, #1531, #2493 ) ) ;
#2040 = EDGE_CURVE ( 'NONE', #993, #1538, #2691, .T. ) ;
#2041 = DIRECTION ( 'NONE',  ( 0.000000000000000000, -1.000000000000000000, 0.000000000000000000 ) ) ;
#2042 = VECTOR ( 'NONE', #1183, 1000.000000000000000 ) ;
#2043 = CARTESIAN_POINT ( 'NONE',  ( 42.50000000000000000, 32.49900000000000233, -20.00000000000000000 ) ) ;
#2044 = ORIENTED_EDGE ( 'NONE', *, *, #290, .T. ) ;
#2045 = LINE ( 'NONE', #1006, #1281 ) ;
#2046 = DIRECTION ( 'NONE',  ( 0.000000000000000000, 0.000000000000000000, -1.000000000000000000 ) ) ;
#2047 = ORIENTED_EDGE ( 'NONE', *, *, #1222, .F. ) ;
#2048 = CARTESIAN_POINT ( 'NONE',  ( 80.00000000000000000, 62.50000000000000000, 6.999999999999999112 ) ) ;
#2049 = DIRECTION ( 'NONE',  ( 0.000000000000000000, 0.000000000000000000, -1.000000000000000000 ) ) ;
#2050 = CARTESIAN_POINT ( 'NONE',  ( 69.18539434957655487, 34.49493405078953856, -72.44966820051959644 ) ) ;
#2051 = VERTEX_POINT ( 'NONE', #222 ) ;
#2052 = LINE ( 'NONE', #952, #1679 ) ;
#2053 = EDGE_CURVE ( 'NONE', #1538, #1800, #1692, .T. ) ;
#2054 = DIRECTION ( 'NONE',  ( 0.000000000000000000, 0.000000000000000000, 1.000000000000000000 ) ) ;
#2055 = VERTEX_POINT ( 'NONE', #2280 ) ;
#2056 = PLANE ( 'NONE',  #1544 ) ;
#2057 = EDGE_CURVE ( 'NONE', #401, #1299, #1979, .T. ) ;
#2058 = LINE ( 'NONE', #229, #1503 ) ;
#2059 = CYLINDRICAL_SURFACE ( 'NONE', #2201, 2.499999999999997335 ) ;
#2060 = DIRECTION ( 'NONE',  ( 0.000000000000000000, 0.000000000000000000, -1.000000000000000000 ) ) ;
#2061 = LINE ( 'NONE', #1459, #1371 ) ;
#2062 = CIRCLE ( 'NONE', #1234, 2.149999999999999023 ) ;
#2063 = ORIENTED_EDGE ( 'NONE', *, *, #73, .F. ) ;
#2064 = AXIS2_PLACEMENT_3D ( 'NONE', #409, #1250, #1675 ) ;
#2065 = LINE ( 'NONE', #607, #1606 ) ;
#2066 = ORIENTED_EDGE ( 'NONE', *, *, #2488, .F. ) ;
#2067 = CARTESIAN_POINT ( 'NONE',  ( 37.50000000000000000, 32.49900000000000233, -17.85000000000000142 ) ) ;
#2068 = ADVANCED_FACE ( 'NONE', ( #626 ), #820, .F. ) ;
#2069 = DIRECTION ( 'NONE',  ( 0.000000000000000000, 0.000000000000000000, -1.000000000000000000 ) ) ;
#2070 = PLANE ( 'NONE',  #2681 ) ;
#2071 = AXIS2_PLACEMENT_3D ( 'NONE', #1663, #2458, #844 ) ;
#2072 = CARTESIAN_POINT ( 'NONE',  ( 47.00000000000000000, 32.50000000000000000, -69.99999999999998579 ) ) ;
#2073 = AXIS2_PLACEMENT_3D ( 'NONE', #2226, #2445, #1609 ) ;
#2074 = DIRECTION ( 'NONE',  ( -1.000000000000000000, 0.000000000000000000, 0.000000000000000000 ) ) ;
#2075 = EDGE_CURVE ( 'NONE', #803, #1758, #874, .T. ) ;
#2076 = PLANE ( 'NONE',  #2416 ) ;
#2077 = DIRECTION ( 'NONE',  ( 1.000000000000000000, 0.000000000000000000, 0.000000000000000000 ) ) ;
#2078 = EDGE_LOOP ( 'NONE', ( #1377, #1260 ) ) ;
#2079 = CARTESIAN_POINT ( 'NONE',  ( 60.00000000000000711, -42.50000000000001421, -3.000000000000000000 ) ) ;
#2080 = ORIENTED_EDGE ( 'NONE', *, *, #1988, .F. ) ;
#2081 = DIRECTION ( 'NONE',  ( -0.000000000000000000, 1.000000000000000000, -0.000000000000000000 ) ) ;
#2082 = ORIENTED_EDGE ( 'NONE', *, *, #2273, .F. ) ;
#2083 = FACE_OUTER_BOUND ( 'NONE', #2649, .T. ) ;
#2084 = PLANE ( 'NONE',  #2509 ) ;
#2085 = AXIS2_PLACEMENT_3D ( 'NONE', #1553, #1670, #2684 ) ;
#2086 = CARTESIAN_POINT ( 'NONE',  ( 42.50000000000000000, 32.49900000000000233, -17.85000000000000142 ) ) ;
#2087 = VECTOR ( 'NONE', #813, 1000.000000000000000 ) ;
#2088 = DIRECTION ( 'NONE',  ( 0.000000000000000000, -1.000000000000000000, 0.000000000000000000 ) ) ;
#2089 = LINE ( 'NONE', #1025, #237 ) ;
#2090 = EDGE_CURVE ( 'NONE', #1299, #401, #846, .T. ) ;
#2091 = EDGE_CURVE ( 'NONE', #1758, #2177, #2061, .T. ) ;
#2092 = EDGE_LOOP ( 'NONE', ( #2423, #654, #815, #508 ) ) ;
#2093 = PLANE ( 'NONE',  #910 ) ;
#2094 = EDGE_LOOP ( 'NONE', ( #2199, #753, #2666, #1948 ) ) ;
#2095 = ORIENTED_EDGE ( 'NONE', *, *, #2519, .F. ) ;
#2096 = DIRECTION ( 'NONE',  ( -0.000000000000000000, 1.000000000000000000, -0.000000000000000000 ) ) ;
#2097 = CARTESIAN_POINT ( 'NONE',  ( 47.00000000000000000, 42.50000000000000000, -3.000000000000000000 ) ) ;
#2098 = CARTESIAN_POINT ( 'NONE',  ( -9.999999999999991118, 32.50000000000000000, 9.000000000000007105 ) ) ;
#2099 = LINE ( 'NONE', #1049, #931 ) ;
#2100 = ORIENTED_EDGE ( 'NONE', *, *, #785, .T. ) ;
#2101 = DIRECTION ( 'NONE',  ( -0.000000000000000000, -1.000000000000000000, -0.000000000000000000 ) ) ;
#2102 = ORIENTED_EDGE ( 'NONE', *, *, #1857, .T. ) ;
#2103 = EDGE_CURVE ( 'NONE', #1713, #1044, #426, .T. ) ;
#2104 = DIRECTION ( 'NONE',  ( -1.156482317317871232E-16, -0.000000000000000000, -1.000000000000000000 ) ) ;
#2105 = VERTEX_POINT ( 'NONE', #1472 ) ;
#2106 = ORIENTED_EDGE ( 'NONE', *, *, #2660, .T. ) ;
#2107 = FILL_AREA_STYLE_COLOUR ( '', #469 ) ;
#2108 = AXIS2_PLACEMENT_3D ( 'NONE', #155, #573, #372 ) ;
#2109 = CARTESIAN_POINT ( 'NONE',  ( 47.00000000000000000, 42.50000000000000000, -69.99999999999998579 ) ) ;
#2110 = LINE ( 'NONE', #30, #1811 ) ;
#2111 = VECTOR ( 'NONE', #845, 1000.000000000000000 ) ;
#2112 = CARTESIAN_POINT ( 'NONE',  ( 59.84960688384700234, 22.50000000000000355, -78.19202367649563712 ) ) ;
#2113 = AXIS2_PLACEMENT_3D ( 'NONE', #2505, #1274, #1672 ) ;
#2114 = ORIENTED_EDGE ( 'NONE', *, *, #419, .T. ) ;
#2115 = CYLINDRICAL_SURFACE ( 'NONE', #1846, 23.00000000000000000 ) ;
#2116 = AXIS2_PLACEMENT_3D ( 'NONE', #797, #1182, #380 ) ;
#2117 = VECTOR ( 'NONE', #207, 1000.000000000000000 ) ;
#2118 = ORIENTED_EDGE ( 'NONE', *, *, #1354, .F. ) ;
#2119 = ADVANCED_FACE ( 'NONE', ( #195 ), #2115, .T. ) ;
#2120 = CARTESIAN_POINT ( 'NONE',  ( 73.34222098313875904, 32.50000000000001421, -69.64915704550963937 ) ) ;
#2121 = EDGE_CURVE ( 'NONE', #900, #24, #2089, .T. ) ;
#2122 = ORIENTED_EDGE ( 'NONE', *, *, #72, .T. ) ;
#2123 = ORIENTED_EDGE ( 'NONE', *, *, #1404, .T. ) ;
#2124 = CARTESIAN_POINT ( 'NONE',  ( 56.99999999999999289, 62.50000000000000000, -90.00000000000001421 ) ) ;
#2125 = LINE ( 'NONE', #1906, #1376 ) ;
#2126 = LINE ( 'NONE', #705, #1344 ) ;
#2127 = ORIENTED_EDGE ( 'NONE', *, *, #144, .T. ) ;
#2128 = VECTOR ( 'NONE', #267, 1000.000000000000000 ) ;
#2129 = CARTESIAN_POINT ( 'NONE',  ( 73.34222098313877325, 32.33415176538162683, -69.64915704550963937 ) ) ;
#2130 = ORIENTED_EDGE ( 'NONE', *, *, #271, .T. ) ;
#2131 = CARTESIAN_POINT ( 'NONE',  ( 64.72792206135784454, 42.50000000000000000, -74.72792206135785875 ) ) ;
#2132 = ORIENTED_EDGE ( 'NONE', *, *, #1537, .T. ) ;
#2133 = ORIENTED_EDGE ( 'NONE', *, *, #1936, .T. ) ;
#2134 = CARTESIAN_POINT ( 'NONE',  ( 66.30318943653172425, 33.61830790657636214, -69.98201039096092302 ) ) ;
#2135 = PLANE ( 'NONE',  #245 ) ;
#2136 = EDGE_CURVE ( 'NONE', #1309, #1009, #614, .T. ) ;
#2137 = CARTESIAN_POINT ( 'NONE',  ( 54.25304232336799259, 42.50000000000000000, -67.78857622930071614 ) ) ;
#2138 = FACE_BOUND ( 'NONE', #1106, .T. ) ;
#2139 = EDGE_CURVE ( 'NONE', #1132, #2140, #715, .T. ) ;
#2140 = VERTEX_POINT ( 'NONE', #2317 ) ;
#2141 = DIRECTION ( 'NONE',  ( -0.000000000000000000, -0.000000000000000000, 1.000000000000000000 ) ) ;
#2142 = FACE_OUTER_BOUND ( 'NONE', #2517, .T. ) ;
#2143 = ORIENTED_EDGE ( 'NONE', *, *, #1466, .T. ) ;
#2144 = LINE ( 'NONE', #507, #2348 ) ;
#2145 = EDGE_LOOP ( 'NONE', ( #249, #1634, #1691, #308 ) ) ;
#2146 = VERTEX_POINT ( 'NONE', #448 ) ;
#2147 = SURFACE_STYLE_FILL_AREA ( #243 ) ;
#2148 = CARTESIAN_POINT ( 'NONE',  ( -30.00000000000000000, 42.50000000000000000, -90.00000000000001421 ) ) ;
#2149 = CARTESIAN_POINT ( 'NONE',  ( 68.96612087376554712, 30.25792830025189772, -72.07064599651793912 ) ) ;
#2150 = FACE_OUTER_BOUND ( 'NONE', #2432, .T. ) ;
#2151 = EDGE_CURVE ( 'NONE', #678, #2140, #1279, .T. ) ;
#2152 = ORIENTED_EDGE ( 'NONE', *, *, #1869, .T. ) ;
#2153 = LINE ( 'NONE', #2564, #2638 ) ;
#2154 = AXIS2_PLACEMENT_3D ( 'NONE', #1358, #1985, #2257 ) ;
#2155 = CARTESIAN_POINT ( 'NONE',  ( 70.02979745076254403, 31.39123770402174074, -66.24887496377671425 ) ) ;
#2156 = EDGE_LOOP ( 'NONE', ( #789, #1232, #1955, #2337 ) ) ;
#2157 = ADVANCED_FACE ( 'NONE', ( #2142 ), #914, .F. ) ;
#2158 = VECTOR ( 'NONE', #1492, 1000.000000000000000 ) ;
#2159 = VECTOR ( 'NONE', #124, 1000.000000000000000 ) ;
#2160 = VECTOR ( 'NONE', #433, 1000.000000000000000 ) ;
#2161 = CARTESIAN_POINT ( 'NONE',  ( 73.27424095426060546, 33.30845008696140042, -69.53517639179494836 ) ) ;
#2162 = VERTEX_POINT ( 'NONE', #1932 ) ;
#2163 = ORIENTED_EDGE ( 'NONE', *, *, #1971, .T. ) ;
#2164 = LINE ( 'NONE', #1206, #802 ) ;
#2165 = PLANE ( 'NONE',  #159 ) ;
#2166 = DIRECTION ( 'NONE',  ( -9.292687373838663300E-17, 0.7071067811865455743, 0.7071067811865493491 ) ) ;
#2167 = CARTESIAN_POINT ( 'NONE',  ( 50.10000000000000853, -32.70000000000000284, -26.20300000000014506 ) ) ;
#2168 = ORIENTED_EDGE ( 'NONE', *, *, #2303, .F. ) ;
#2169 = PLANE ( 'NONE',  #1242 ) ;
#2170 = FACE_OUTER_BOUND ( 'NONE', #1519, .T. ) ;
#2171 = EDGE_LOOP ( 'NONE', ( #1121, #2118 ) ) ;
#2172 = EDGE_CURVE ( 'NONE', #151, #2556, #1320, .T. ) ;
#2173 = AXIS2_PLACEMENT_3D ( 'NONE', #2067, #2283, #418 ) ;
#2174 = EDGE_CURVE ( 'NONE', #293, #476, #87, .T. ) ;
#2175 = CARTESIAN_POINT ( 'NONE',  ( 72.34858237531764757, 34.87112428939533970, -68.25116838714518508 ) ) ;
#2176 = EDGE_LOOP ( 'NONE', ( #2680, #838, #2294 ) ) ;
#2177 = VERTEX_POINT ( 'NONE', #1744 ) ;
#2178 = DIRECTION ( 'NONE',  ( 0.000000000000000000, 1.000000000000000000, 0.000000000000000000 ) ) ;
#2179 = CARTESIAN_POINT ( 'NONE',  ( 64.72792206135784454, 22.50000000000000355, -79.72792206135787296 ) ) ;
#2180 = CARTESIAN_POINT ( 'NONE',  ( 69.17706626988893959, 30.51598650292021375, -72.44213768442887158 ) ) ;
#2181 = DIRECTION ( 'NONE',  ( 0.7071067811865435759, 0.000000000000000000, -0.7071067811865514585 ) ) ;
#2182 = VERTEX_POINT ( 'NONE', #1089 ) ;
#2183 = DIRECTION ( 'NONE',  ( -0.000000000000000000, -1.000000000000000000, 0.000000000000000000 ) ) ;
#2184 = CARTESIAN_POINT ( 'NONE',  ( 37.50000000000000000, 32.49900000000000233, -22.14999999999999858 ) ) ;
#2185 = ORIENTED_EDGE ( 'NONE', *, *, #1041, .T. ) ;
#2186 = DIRECTION ( 'NONE',  ( -1.000000000000000000, 0.000000000000000000, 0.000000000000000000 ) ) ;
#2187 = EDGE_CURVE ( 'NONE', #307, #2011, #287, .T. ) ;
#2188 = LINE ( 'NONE', #1147, #2219 ) ;
#2189 = ORIENTED_EDGE ( 'NONE', *, *, #1870, .F. ) ;
#2190 = VERTEX_POINT ( 'NONE', #2565 ) ;
#2191 = ADVANCED_FACE ( 'NONE', ( #2170 ), #1975, .F. ) ;
#2192 = DIRECTION ( 'NONE',  ( -0.000000000000000000, 1.000000000000000000, -0.000000000000000000 ) ) ;
#2193 = CARTESIAN_POINT ( 'NONE',  ( 54.25304232336799259, 32.50000000000000000, -67.78857622930071614 ) ) ;
#2194 = FACE_OUTER_BOUND ( 'NONE', #2145, .T. ) ;
#2195 = DIRECTION ( 'NONE',  ( 1.000000000000000000, 0.000000000000000000, -1.476360405086644309E-16 ) ) ;
#2196 = VERTEX_POINT ( 'NONE', #1757 ) ;
#2197 = DIRECTION ( 'NONE',  ( -0.000000000000000000, -1.000000000000000000, -0.000000000000000000 ) ) ;
#2198 = DIRECTION ( 'NONE',  ( -0.000000000000000000, -1.000000000000000000, -0.000000000000000000 ) ) ;
#2199 = ORIENTED_EDGE ( 'NONE', *, *, #2370, .T. ) ;
#2200 = CARTESIAN_POINT ( 'NONE',  ( 50.00000000000000000, 52.50000000000000711, -2.999999999999999112 ) ) ;
#2201 = AXIS2_PLACEMENT_3D ( 'NONE', #2267, #1878, #1021 ) ;
#2202 = AXIS2_PLACEMENT_3D ( 'NONE', #232, #652, #1484 ) ;
#2203 = CIRCLE ( 'NONE', #2548, 22.99999999999999289 ) ;
#2204 = CIRCLE ( 'NONE', #1423, 9.999999999999994671 ) ;
#2205 = ORIENTED_EDGE ( 'NONE', *, *, #973, .T. ) ;
#2206 = VERTEX_POINT ( 'NONE', #724 ) ;
#2207 = PLANE ( 'NONE',  #337 ) ;
#2208 = EDGE_CURVE ( 'NONE', #2011, #765, #113, .T. ) ;
#2209 = DIRECTION ( 'NONE',  ( 0.000000000000000000, 0.000000000000000000, -1.000000000000000000 ) ) ;
#2210 = CARTESIAN_POINT ( 'NONE',  ( 11.49468901432345014, 32.50000000000001421, -131.4966890143240619 ) ) ;
#2211 = ORIENTED_EDGE ( 'NONE', *, *, #1554, .F. ) ;
#2212 = LINE ( 'NONE', #1185, #25 ) ;
#2213 = DIRECTION ( 'NONE',  ( 0.000000000000000000, 1.000000000000000000, -0.000000000000000000 ) ) ;
#2214 = EDGE_LOOP ( 'NONE', ( #121, #2205, #2436, #2455 ) ) ;
#2215 = DIRECTION ( 'NONE',  ( 1.156482317317871478E-16, 0.000000000000000000, 1.000000000000000000 ) ) ;
#2216 = AXIS2_PLACEMENT_3D ( 'NONE', #150, #1569, #2195 ) ;
#2217 = ORIENTED_EDGE ( 'NONE', *, *, #1404, .F. ) ;
#2218 = ORIENTED_EDGE ( 'NONE', *, *, #638, .T. ) ;
#2219 = VECTOR ( 'NONE', #120, 1000.000000000000000 ) ;
#2220 = FACE_BOUND ( 'NONE', #2542, .T. ) ;
#2221 = DIRECTION ( 'NONE',  ( -0.7071067811865267005, 0.000000000000000000, 0.7071067811865683339 ) ) ;
#2222 = CARTESIAN_POINT ( 'NONE',  ( 9.726922061357091920, 32.50000000000001421, -129.7289220613577072 ) ) ;
#2223 = EDGE_CURVE ( 'NONE', #2615, #1342, #1350, .T. ) ;
#2224 = VERTEX_POINT ( 'NONE', #945 ) ;
#2225 = CARTESIAN_POINT ( 'NONE',  ( 64.72792206135784454, 52.50000000000000000, -74.72792206135785875 ) ) ;
#2226 = CARTESIAN_POINT ( 'NONE',  ( 15.00000000000000000, 32.49900000000000233, -20.00000000000000000 ) ) ;
#2227 = VERTEX_POINT ( 'NONE', #1920 ) ;
#2228 = DIRECTION ( 'NONE',  ( 0.000000000000000000, -1.000000000000000000, 0.000000000000000000 ) ) ;
#2229 = EDGE_CURVE ( 'NONE', #853, #1793, #883, .T. ) ;
#2230 = ORIENTED_EDGE ( 'NONE', *, *, #271, .F. ) ;
#2231 = CARTESIAN_POINT ( 'NONE',  ( 56.99999999999999289, 52.50000000000000000, -90.00000000000001421 ) ) ;
#2232 = DIRECTION ( 'NONE',  ( 0.000000000000000000, -1.000000000000000000, 0.000000000000000000 ) ) ;
#2233 = LINE ( 'NONE', #2029, #1864 ) ;
#2234 = ORIENTED_EDGE ( 'NONE', *, *, #1833, .F. ) ;
#2235 = LINE ( 'NONE', #2265, #1806 ) ;
#2236 = CARTESIAN_POINT ( 'NONE',  ( -9.999999999999991118, 42.50000000000000000, 9.000000000000007105 ) ) ;
#2237 = EDGE_LOOP ( 'NONE', ( #239, #166, #2566, #1730 ) ) ;
#2238 = ADVANCED_FACE ( 'NONE', ( #142 ), #1787, .F. ) ;
#2239 = CARTESIAN_POINT ( 'NONE',  ( -15.00000000000000000, 52.50099999999999767, -77.14999999999999147 ) ) ;
#2240 = EDGE_CURVE ( 'NONE', #75, #1665, #1200, .T. ) ;
#2241 = VECTOR ( 'NONE', #818, 1000.000000000000000 ) ;
#2242 = CARTESIAN_POINT ( 'NONE',  ( 69.55755119280316023, 32.66802077818125127, -73.43382683584518134 ) ) ;
#2243 = AXIS2_PLACEMENT_3D ( 'NONE', #2593, #1131, #927 ) ;
#2244 = VERTEX_POINT ( 'NONE', #168 ) ;
#2245 = AXIS2_PLACEMENT_3D ( 'NONE', #1772, #1756, #1362 ) ;
#2246 = CARTESIAN_POINT ( 'NONE',  ( 0.000000000000000000, 52.50000000000000000, 0.000000000000000000 ) ) ;
#2247 = DIRECTION ( 'NONE',  ( 0.000000000000000000, 0.000000000000000000, -1.000000000000000000 ) ) ;
#2248 = CIRCLE ( 'NONE', #2116, 9.999999999999994671 ) ;
#2249 = CARTESIAN_POINT ( 'NONE',  ( 59.84960688384700234, 22.50000000000000355, -78.19202367649563712 ) ) ;
#2250 = CIRCLE ( 'NONE', #2378, 1.000000000000000888 ) ;
#2251 = VERTEX_POINT ( 'NONE', #2661 ) ;
#2252 = DIRECTION ( 'NONE',  ( 0.000000000000000000, -0.000000000000000000, -1.000000000000000000 ) ) ;
#2253 = DIRECTION ( 'NONE',  ( 0.000000000000000000, 0.000000000000000000, -1.000000000000000000 ) ) ;
#2254 = ORIENTED_EDGE ( 'NONE', *, *, #1485, .T. ) ;
#2255 = LINE ( 'NONE', #2048, #1629 ) ;
#2256 = FACE_OUTER_BOUND ( 'NONE', #2156, .T. ) ;
#2257 = DIRECTION ( 'NONE',  ( -9.050731179009428576E-16, 0.000000000000000000, -1.000000000000000000 ) ) ;
#2258 = EDGE_CURVE ( 'NONE', #1151, #2244, #764, .T. ) ;
#2259 = VERTEX_POINT ( 'NONE', #358 ) ;
#2260 = EDGE_CURVE ( 'NONE', #1998, #313, #1393, .T. ) ;
#2261 = LINE ( 'NONE', #2654, #1896 ) ;
#2262 = AXIS2_PLACEMENT_3D ( 'NONE', #2222, #1582, #2619 ) ;
#2263 = CARTESIAN_POINT ( 'NONE',  ( 0.9999999999999861222, -32.70000000000000284, -50.10000000000000142 ) ) ;
#2264 = CYLINDRICAL_SURFACE ( 'NONE', #233, 2.149999999999999023 ) ;
#2265 = CARTESIAN_POINT ( 'NONE',  ( -30.00000000000000000, 42.50000000000000000, -90.00000000000001421 ) ) ;
#2266 = CARTESIAN_POINT ( 'NONE',  ( 0.000000000000000000, -42.50000000000000000, 0.000000000000000000 ) ) ;
#2267 = CARTESIAN_POINT ( 'NONE',  ( 9.726922061357091920, 32.50000000000001421, -129.7289220613577072 ) ) ;
#2268 = DIRECTION ( 'NONE',  ( 0.000000000000000000, -1.000000000000000000, 0.000000000000000000 ) ) ;
#2269 = DIRECTION ( 'NONE',  ( 0.000000000000000000, 0.000000000000000000, -1.000000000000000000 ) ) ;
#2270 = ORIENTED_EDGE ( 'NONE', *, *, #1038, .T. ) ;
#2271 = EDGE_CURVE ( 'NONE', #2514, #1093, #1379, .T. ) ;
#2272 = LINE ( 'NONE', #2295, #303 ) ;
#2273 = EDGE_CURVE ( 'NONE', #1419, #2577, #531, .T. ) ;
#2274 = DIRECTION ( 'NONE',  ( 0.000000000000000000, 0.000000000000000000, 1.000000000000000000 ) ) ;
#2275 = ORIENTED_EDGE ( 'NONE', *, *, #1789, .T. ) ;
#2276 = DIRECTION ( 'NONE',  ( 1.000000000000000000, 0.000000000000000000, -0.000000000000000000 ) ) ;
#2277 = DIRECTION ( 'NONE',  ( -0.000000000000000000, -1.000000000000000000, -0.000000000000000000 ) ) ;
#2278 = CARTESIAN_POINT ( 'NONE',  ( 50.10000000000000853, 32.50000000000000000, -3.000000000000000888 ) ) ;
#2279 = CARTESIAN_POINT ( 'NONE',  ( 64.72792206135784454, 52.50099999999999767, -74.72792206135785875 ) ) ;
#2280 = CARTESIAN_POINT ( 'NONE',  ( 0.9999999999999854561, -42.50000000000000000, -55.09999999999997300 ) ) ;
#2281 = LINE ( 'NONE', #1463, #1174 ) ;
#2282 = VERTEX_POINT ( 'NONE', #2454 ) ;
#2283 = DIRECTION ( 'NONE',  ( -0.000000000000000000, 0.000000000000000000, 1.000000000000000000 ) ) ;
#2284 = EDGE_CURVE ( 'NONE', #670, #518, #1838, .T. ) ;
#2285 = ORIENTED_EDGE ( 'NONE', *, *, #1802, .T. ) ;
#2286 = FACE_OUTER_BOUND ( 'NONE', #1788, .T. ) ;
#2287 = VECTOR ( 'NONE', #723, 1000.000000000000000 ) ;
#2288 = LINE ( 'NONE', #1263, #2551 ) ;
#2289 = LINE ( 'NONE', #2278, #1409 ) ;
#2290 = EDGE_CURVE ( 'NONE', #2448, #2206, #332, .T. ) ;
#2291 = DIRECTION ( 'NONE',  ( 0.000000000000000000, 0.000000000000000000, -1.000000000000000000 ) ) ;
#2292 = PRODUCT_DEFINITION_FORMATION_WITH_SPECIFIED_SOURCE ( 'ANY', '', #342, .NOT_KNOWN. ) ;
#2293 = DIRECTION ( 'NONE',  ( -0.000000000000000000, -0.000000000000000000, -1.000000000000000000 ) ) ;
#2294 = ORIENTED_EDGE ( 'NONE', *, *, #2303, .T. ) ;
#2295 = CARTESIAN_POINT ( 'NONE',  ( 7.806255641895631925E-15, 52.50000000000000000, 5.204170427930421283E-15 ) ) ;
#2296 = ORIENTED_EDGE ( 'NONE', *, *, #1854, .F. ) ;
#2297 = ORIENTED_EDGE ( 'NONE', *, *, #2271, .T. ) ;
#2298 = FACE_OUTER_BOUND ( 'NONE', #302, .T. ) ;
#2299 = APPLICATION_CONTEXT ( 'automotive_design' ) ;
#2300 = PLANE ( 'NONE',  #1156 ) ;
#2301 = DIRECTION ( 'NONE',  ( 0.000000000000000000, 0.000000000000000000, 1.000000000000000000 ) ) ;
#2302 = CARTESIAN_POINT ( 'NONE',  ( -9.000000000000001776, 32.50000000000000000, -68.99999999999997158 ) ) ;
#2303 = EDGE_CURVE ( 'NONE', #1538, #1669, #1814, .T. ) ;
#2304 = VECTOR ( 'NONE', #1055, 1000.000000000000000 ) ;
#2305 = PLANE ( 'NONE',  #1410 ) ;
#2306 = CARTESIAN_POINT ( 'NONE',  ( 57.00000000000000000, 62.50000000000000000, 6.999999999999999112 ) ) ;
#2307 = ADVANCED_FACE ( 'NONE', ( #1402 ), #369, .T. ) ;
#2308 = EDGE_LOOP ( 'NONE', ( #796, #762, #662, #1328 ) ) ;
#2309 = DIRECTION ( 'NONE',  ( 1.000000000000000000, 0.000000000000000000, 0.000000000000000000 ) ) ;
#2310 = ORIENTED_EDGE ( 'NONE', *, *, #1054, .T. ) ;
#2311 = ORIENTED_EDGE ( 'NONE', *, *, #2040, .T. ) ;
#2312 = CARTESIAN_POINT ( 'NONE',  ( 67.63986371153482935, 34.86830739221376518, -70.66049469243469616 ) ) ;
#2313 = CARTESIAN_POINT ( 'NONE',  ( -30.00000000000000000, 52.50000000000000000, 28.99999999999999645 ) ) ;
#2314 = CARTESIAN_POINT ( 'NONE',  ( 15.00000000000000000, 42.50000000000000000, -20.00000000000000000 ) ) ;
#2315 = DIRECTION ( 'NONE',  ( 0.000000000000000000, 0.000000000000000000, 1.000000000000000000 ) ) ;
#2316 = VERTEX_POINT ( 'NONE', #129 ) ;
#2317 = CARTESIAN_POINT ( 'NONE',  ( 60.55671366503357689, 22.50000000000000355, -77.48491689530911231 ) ) ;
#2318 = EDGE_CURVE ( 'NONE', #765, #2011, #1163, .T. ) ;
#2319 = PRODUCT_DEFINITION ( 'UNKNOWN', '', #2292, #1804 ) ;
#2320 = ORIENTED_EDGE ( 'NONE', *, *, #2660, .F. ) ;
#2321 = CARTESIAN_POINT ( 'NONE',  ( -15.00000000000000000, 52.50000000000000000, -75.00000000000000000 ) ) ;
#2322 = ORIENTED_EDGE ( 'NONE', *, *, #1426, .T. ) ;
#2323 = ORIENTED_EDGE ( 'NONE', *, *, #961, .T. ) ;
#2324 = CARTESIAN_POINT ( 'NONE',  ( -15.00000000000000000, 52.50000000000000000, 15.00000000000000000 ) ) ;
#2325 = CIRCLE ( 'NONE', #627, 12.99999999999999112 ) ;
#2326 = FACE_BOUND ( 'NONE', #2308, .T. ) ;
#2327 = PLANE ( 'NONE',  #2030 ) ;
#2328 = VECTOR ( 'NONE', #1880, 1000.000000000000000 ) ;
#2329 = DIRECTION ( 'NONE',  ( -1.000000000000000000, -0.000000000000000000, -0.000000000000000000 ) ) ;
#2330 = AXIS2_PLACEMENT_3D ( 'NONE', #383, #1213, #2016 ) ;
#2331 = ORIENTED_EDGE ( 'NONE', *, *, #223, .T. ) ;
#2332 = CARTESIAN_POINT ( 'NONE',  ( 71.91505859995463368, 29.99995040922366130, -67.77290544323733457 ) ) ;
#2333 = VECTOR ( 'NONE', #63, 1000.000000000000000 ) ;
#2334 = AXIS2_PLACEMENT_3D ( 'NONE', #1826, #995, #181 ) ;
#2335 = EDGE_CURVE ( 'NONE', #1793, #900, #1620, .T. ) ;
#2336 = CARTESIAN_POINT ( 'NONE',  ( 69.87836809870455568, 33.15151551537770303, -66.15622387995234988 ) ) ;
#2337 = ORIENTED_EDGE ( 'NONE', *, *, #1559, .T. ) ;
#2338 = ORIENTED_EDGE ( 'NONE', *, *, #506, .F. ) ;
#2339 = ADVANCED_FACE ( 'NONE', ( #582 ), #959, .T. ) ;
#2340 = CARTESIAN_POINT ( 'NONE',  ( 50.10000000000000853, -77.72675581599834516, -3.000000000000000888 ) ) ;
#2341 = DIRECTION ( 'NONE',  ( 0.000000000000000000, 0.000000000000000000, -1.000000000000000000 ) ) ;
#2342 = CARTESIAN_POINT ( 'NONE',  ( 66.16669448542991461, 31.68504710133731450, -69.93888183843401407 ) ) ;
#2343 = DIRECTION ( 'NONE',  ( 0.000000000000000000, 0.000000000000000000, -1.000000000000000000 ) ) ;
#2344 = ORIENTED_EDGE ( 'NONE', *, *, #1971, .F. ) ;
#2345 = AXIS2_PLACEMENT_3D ( 'NONE', #498, #1333, #2343 ) ;
#2346 = DIRECTION ( 'NONE',  ( 0.000000000000000000, 0.000000000000000000, -1.000000000000000000 ) ) ;
#2347 = ORIENTED_EDGE ( 'NONE', *, *, #728, .F. ) ;
#2348 = VECTOR ( 'NONE', #1091, 1000.000000000000000 ) ;
#2349 = DIRECTION ( 'NONE',  ( -0.000000000000000000, 0.000000000000000000, -1.000000000000000000 ) ) ;
#2350 = EDGE_CURVE ( 'NONE', #1419, #1755, #2204, .T. ) ;
#2351 = ORIENTED_EDGE ( 'NONE', *, *, #1517, .T. ) ;
#2352 = VERTEX_POINT ( 'NONE', #1176 ) ;
#2353 = SURFACE_STYLE_USAGE ( .BOTH. , #892 ) ;
#2354 = LINE ( 'NONE', #1345, #2333 ) ;
#2355 = EDGE_CURVE ( 'NONE', #2051, #2448, #1363, .T. ) ;
#2356 = LINE ( 'NONE', #1332, #1719 ) ;
#2357 = DIRECTION ( 'NONE',  ( -1.000000000000000000, -0.000000000000000000, -0.000000000000000000 ) ) ;
#2358 = ORIENTED_EDGE ( 'NONE', *, *, #403, .F. ) ;
#2359 = CARTESIAN_POINT ( 'NONE',  ( 0.000000000000000000, 42.50000000000000000, -17.10150000000007608 ) ) ;
#2360 = CARTESIAN_POINT ( 'NONE',  ( 71.68185533852042113, 30.00004981794857528, -67.53973732809340902 ) ) ;
#2361 = ORIENTED_EDGE ( 'NONE', *, *, #177, .T. ) ;
#2362 = DIRECTION ( 'NONE',  ( 0.000000000000000000, -1.000000000000000000, 0.000000000000000000 ) ) ;
#2363 = ORIENTED_EDGE ( 'NONE', *, *, #1190, .F. ) ;
#2364 = VERTEX_POINT ( 'NONE', #2415 ) ;
#2365 = CARTESIAN_POINT ( 'NONE',  ( 68.69914959561209855, 34.91789035295334287, -71.68553734674665634 ) ) ;
#2366 = CARTESIAN_POINT ( 'NONE',  ( 64.72792206135784454, 52.50000000000000000, -74.72792206135785875 ) ) ;
#2367 = CARTESIAN_POINT ( 'NONE',  ( 69.04185109983724544, 30.33475759109296277, -72.19618142355888324 ) ) ;
#2368 = VECTOR ( 'NONE', #962, 1000.000000000000000 ) ;
#2369 = LINE ( 'NONE', #484, #214 ) ;
#2370 = EDGE_CURVE ( 'NONE', #1076, #1765, #2006, .T. ) ;
#2371 = ORIENTED_EDGE ( 'NONE', *, *, #58, .F. ) ;
#2372 = DIRECTION ( 'NONE',  ( -1.000000000000000000, 0.000000000000000000, -8.761229676650542138E-17 ) ) ;
#2373 = AXIS2_PLACEMENT_3D ( 'NONE', #1051, #2498, #1664 ) ;
#2374 = CARTESIAN_POINT ( 'NONE',  ( 70.96952498942394527, 30.25496316219309634, -66.91346544718287248 ) ) ;
#2375 = ORIENTED_EDGE ( 'NONE', *, *, #2524, .F. ) ;
#2376 = EDGE_CURVE ( 'NONE', #2352, #2407, #288, .T. ) ;
#2377 = AXIS2_PLACEMENT_3D ( 'NONE', #747, #1808, #2425 ) ;
#2378 = AXIS2_PLACEMENT_3D ( 'NONE', #2656, #1970, #577 ) ;
#2379 = CARTESIAN_POINT ( 'NONE',  ( -8.999999999999987566, 42.50000000000000000, -69.99999999999998579 ) ) ;
#2380 = EDGE_LOOP ( 'NONE', ( #2297, #2570, #2693, #706 ) ) ;
#2381 = VERTEX_POINT ( 'NONE', #219 ) ;
#2382 = LINE ( 'NONE', #1343, #1888 ) ;
#2383 = FACE_OUTER_BOUND ( 'NONE', #1400, .T. ) ;
#2384 = CARTESIAN_POINT ( 'NONE',  ( 66.56138545256698080, 30.96248258955133537, -70.06990687907199344 ) ) ;
#2385 = CARTESIAN_POINT ( 'NONE',  ( 64.72792206135784454, 22.50000000000000355, -64.72792206135787296 ) ) ;
#2386 = ORIENTED_EDGE ( 'NONE', *, *, #2091, .F. ) ;
#2387 = DIRECTION ( 'NONE',  ( 0.000000000000000000, 0.000000000000000000, 1.000000000000000000 ) ) ;
#2388 = DIRECTION ( 'NONE',  ( 0.000000000000000000, -1.000000000000000000, 0.000000000000000000 ) ) ;
#2389 = EDGE_LOOP ( 'NONE', ( #1871, #572 ) ) ;
#2390 = EDGE_CURVE ( 'NONE', #127, #1627, #1877, .T. ) ;
#2391 = LINE ( 'NONE', #1352, #760 ) ;
#2392 = EDGE_CURVE ( 'NONE', #1187, #2364, #2110, .T. ) ;
#2393 = CIRCLE ( 'NONE', #2085, 2.150000000000000799 ) ;
#2394 = CARTESIAN_POINT ( 'NONE',  ( 64.72792206135784454, 22.50000000000000355, -74.72792206135785875 ) ) ;
#2395 = ORIENTED_EDGE ( 'NONE', *, *, #1603, .F. ) ;
#2396 = EDGE_LOOP ( 'NONE', ( #1230, #2122, #474, #535 ) ) ;
#2397 = CARTESIAN_POINT ( 'NONE',  ( 47.00000000000000000, 52.50000000000000000, -60.00000000000000711 ) ) ;
#2398 = CARTESIAN_POINT ( 'NONE',  ( 60.00000000000000711, -42.50000000000001421, -12.10150000000007608 ) ) ;
#2399 = FACE_OUTER_BOUND ( 'NONE', #1707, .T. ) ;
#2400 = DIRECTION ( 'NONE',  ( -6.570922257487911226E-17, 0.000000000000000000, 1.000000000000000000 ) ) ;
#2401 = ORIENTED_EDGE ( 'NONE', *, *, #2392, .F. ) ;
#2402 = CARTESIAN_POINT ( 'NONE',  ( 60.00000000000000711, 42.50000000000000000, -57.00000000000000000 ) ) ;
#2403 = DIRECTION ( 'NONE',  ( 0.000000000000000000, 0.000000000000000000, -1.000000000000000000 ) ) ;
#2404 = ORIENTED_EDGE ( 'NONE', *, *, #568, .T. ) ;
#2405 = CARTESIAN_POINT ( 'NONE',  ( 6.101500000000002366, 42.50000000000000000, -69.99999999999998579 ) ) ;
#2406 = EDGE_CURVE ( 'NONE', #1166, #1605, #893, .T. ) ;
#2407 = VERTEX_POINT ( 'NONE', #842 ) ;
#2408 = EDGE_LOOP ( 'NONE', ( #950, #2080, #1056, #980 ) ) ;
#2409 = CARTESIAN_POINT ( 'NONE',  ( 69.37719087270475882, 34.02850331617830193, -72.88563129786368222 ) ) ;
#2410 = CARTESIAN_POINT ( 'NONE',  ( -15.00000000000000000, 52.50000000000000000, 15.00000000000000000 ) ) ;
#2411 = DIRECTION ( 'NONE',  ( -0.000000000000000000, 1.000000000000000000, -0.000000000000000000 ) ) ;
#2412 = PLANE ( 'NONE',  #2216 ) ;
#2413 = ORIENTED_EDGE ( 'NONE', *, *, #720, .F. ) ;
#2414 = CARTESIAN_POINT ( 'NONE',  ( 15.00000000000000000, 32.50000000000000000, -20.00000000000000000 ) ) ;
#2415 = CARTESIAN_POINT ( 'NONE',  ( 50.10000000000000853, 32.50000000000000000, -26.20300000000014506 ) ) ;
#2416 = AXIS2_PLACEMENT_3D ( 'NONE', #819, #1624, #1651 ) ;
#2417 = ORIENTED_EDGE ( 'NONE', *, *, #1070, .F. ) ;
#2418 = FACE_OUTER_BOUND ( 'NONE', #467, .T. ) ;
#2419 = VECTOR ( 'NONE', #793, 1000.000000000000000 ) ;
#2420 = AXIS2_PLACEMENT_3D ( 'NONE', #1130, #1571, #1930 ) ;
#2421 = VECTOR ( 'NONE', #1598, 1000.000000000000000 ) ;
#2422 = ORIENTED_EDGE ( 'NONE', *, *, #857, .F. ) ;
#2423 = ORIENTED_EDGE ( 'NONE', *, *, #774, .F. ) ;
#2424 = EDGE_CURVE ( 'NONE', #1184, #1669, #408, .T. ) ;
#2425 = DIRECTION ( 'NONE',  ( -1.084202172485504681E-16, 0.000000000000000000, -1.000000000000000000 ) ) ;
#2426 = CARTESIAN_POINT ( 'NONE',  ( 37.50000000000000000, 42.50000000000000000, -17.85000000000000142 ) ) ;
#2427 = EDGE_CURVE ( 'NONE', #2177, #2196, #858, .T. ) ;
#2428 = CARTESIAN_POINT ( 'NONE',  ( 64.72792206135784454, 22.50000000000000355, -84.72792206135785875 ) ) ;
#2429 = ORIENTED_EDGE ( 'NONE', *, *, #2139, .F. ) ;
#2430 = CARTESIAN_POINT ( 'NONE',  ( 45.10000000000000853, -32.70000000000000284, -26.20300000000014506 ) ) ;
#2431 = DIRECTION ( 'NONE',  ( 0.000000000000000000, 0.000000000000000000, 1.000000000000000000 ) ) ;
#2432 = EDGE_LOOP ( 'NONE', ( #1839, #1694, #1088, #2310 ) ) ;
#2433 = DIRECTION ( 'NONE',  ( -1.000000000000000000, 0.000000000000000000, 1.284980352575412453E-16 ) ) ;
#2434 = VECTOR ( 'NONE', #1482, 1000.000000000000000 ) ;
#2435 = UNCERTAINTY_MEASURE_WITH_UNIT (LENGTH_MEASURE( 1.000000000000000082E-05 ), #2027, 'distance_accuracy_value', 'NONE');
#2436 = ORIENTED_EDGE ( 'NONE', *, *, #1854, .T. ) ;
#2437 = VECTOR ( 'NONE', #617, 1000.000000000000000 ) ;
#2438 = CARTESIAN_POINT ( 'NONE',  ( 64.72792206135784454, 22.50000000000000355, -74.72792206135785875 ) ) ;
#2439 = EDGE_CURVE ( 'NONE', #632, #235, #1243, .T. ) ;
#2440 = DIRECTION ( 'NONE',  ( -1.000000000000000000, 0.000000000000000000, 0.000000000000000000 ) ) ;
#2441 = LINE ( 'NONE', #955, #173 ) ;
#2442 = EDGE_CURVE ( 'NONE', #363, #1286, #592, .T. ) ;
#2443 = EDGE_LOOP ( 'NONE', ( #1334, #463 ) ) ;
#2444 = FACE_OUTER_BOUND ( 'NONE', #2176, .T. ) ;
#2445 = DIRECTION ( 'NONE',  ( -0.000000000000000000, 1.000000000000000000, -0.000000000000000000 ) ) ;
#2446 = EDGE_LOOP ( 'NONE', ( #1197, #217, #2133, #1817 ) ) ;
#2447 = CARTESIAN_POINT ( 'NONE',  ( 0.000000000000000000, 42.50000000000000000, -12.10150000000007608 ) ) ;
#2448 = VERTEX_POINT ( 'NONE', #2508 ) ;
#2449 = FACE_OUTER_BOUND ( 'NONE', #60, .T. ) ;
#2450 = CARTESIAN_POINT ( 'NONE',  ( 37.50000000000000000, 32.50000000000000000, -22.14999999999999858 ) ) ;
#2451 = PLANE ( 'NONE',  #954 ) ;
#2452 = PLANE ( 'NONE',  #1407 ) ;
#2453 = DIRECTION ( 'NONE',  ( -0.000000000000000000, -1.000000000000000000, -0.000000000000000000 ) ) ;
#2454 = CARTESIAN_POINT ( 'NONE',  ( 60.00000000000000711, 42.50000000000000000, -12.10150000000007431 ) ) ;
#2455 = ORIENTED_EDGE ( 'NONE', *, *, #1934, .T. ) ;
#2456 = ADVANCED_FACE ( 'NONE', ( #1647 ), #2084, .T. ) ;
#2457 = LINE ( 'NONE', #586, #2546 ) ;
#2458 = DIRECTION ( 'NONE',  ( 0.9734171683335759440, -0.2290393337255471895, 0.000000000000000000 ) ) ;
#2459 = CIRCLE ( 'NONE', #539, 5.000000000000004441 ) ;
#2460 = EDGE_CURVE ( 'NONE', #24, #289, #2495, .T. ) ;
#2461 = AXIS2_PLACEMENT_3D ( 'NONE', #1301, #2096, #255 ) ;
#2462 = CARTESIAN_POINT ( 'NONE',  ( 1.000000000000000888, 32.50000000000000000, -69.99999999999998579 ) ) ;
#2463 = VECTOR ( 'NONE', #2293, 1000.000000000000000 ) ;
#2464 = ORIENTED_EDGE ( 'NONE', *, *, #1486, .F. ) ;
#2465 = DIRECTION ( 'NONE',  ( 8.761229676650543371E-17, 0.000000000000000000, -1.000000000000000000 ) ) ;
#2466 = AXIS2_PLACEMENT_3D ( 'NONE', #1738, #1751, #2585 ) ;
#2467 = CYLINDRICAL_SURFACE ( 'NONE', #1217, 9.999999999999994671 ) ;
#2468 = ORIENTED_EDGE ( 'NONE', *, *, #554, .F. ) ;
#2469 = FACE_OUTER_BOUND ( 'NONE', #1902, .T. ) ;
#2470 = CARTESIAN_POINT ( 'NONE',  ( 47.00000000000000000, 32.50000000000000000, -69.99999999999998579 ) ) ;
#2471 = ORIENTED_EDGE ( 'NONE', *, *, #223, .F. ) ;
#2472 = DIRECTION ( 'NONE',  ( 0.000000000000000000, -1.000000000000000000, 0.000000000000000000 ) ) ;
#2473 = LINE ( 'NONE', #2690, #1366 ) ;
#2474 = EDGE_CURVE ( 'NONE', #1151, #1078, #1074, .T. ) ;
#2475 = CARTESIAN_POINT ( 'NONE',  ( -15.00000000000000000, 52.50099999999999767, 15.00000000000000000 ) ) ;
#2476 = EDGE_CURVE ( 'NONE', #1800, #135, #4, .T. ) ;
#2477 = ORIENTED_EDGE ( 'NONE', *, *, #257, .T. ) ;
#2478 = AXIS2_PLACEMENT_3D ( 'NONE', #2340, #867, #1491 ) ;
#2479 = LINE ( 'NONE', #1682, #690 ) ;
#2480 = VECTOR ( 'NONE', #1643, 1000.000000000000000 ) ;
#2481 = DIRECTION ( 'NONE',  ( -0.000000000000000000, -1.000000000000000000, -0.000000000000000000 ) ) ;
#2482 = VERTEX_POINT ( 'NONE', #1851 ) ;
#2483 = DIRECTION ( 'NONE',  ( 0.000000000000000000, -0.000000000000000000, 1.000000000000000000 ) ) ;
#2484 = LINE ( 'NONE', #1863, #1284 ) ;
#2485 = CARTESIAN_POINT ( 'NONE',  ( -8.999999999999992895, 42.50000000000000000, 10.00000000000000000 ) ) ;
#2486 = LINE ( 'NONE', #399, #1760 ) ;
#2487 = CARTESIAN_POINT ( 'NONE',  ( 60.00000000000000711, 32.50000000000000000, -3.000000000000000000 ) ) ;
#2488 = EDGE_CURVE ( 'NONE', #900, #2556, #2484, .T. ) ;
#2489 = CARTESIAN_POINT ( 'NONE',  ( 7.806255641895631925E-15, 52.50000000000000711, 5.204170427930421283E-15 ) ) ;
#2490 = ORIENTED_EDGE ( 'NONE', *, *, #1498, .F. ) ;
#2491 = ADVANCED_FACE ( 'NONE', ( #2688, #1432, #1661 ), #1633, .F. ) ;
#2492 = DIRECTION ( 'NONE',  ( 0.000000000000000000, -0.7071067811865455743, -0.7071067811865493491 ) ) ;
#2493 = ORIENTED_EDGE ( 'NONE', *, *, #1066, .T. ) ;
#2494 = LINE ( 'NONE', #2124, #66 ) ;
#2495 = LINE ( 'NONE', #611, #946 ) ;
#2496 = CARTESIAN_POINT ( 'NONE',  ( 0.9999999999999861222, -32.70000000000000284, -50.10000000000000142 ) ) ;
#2497 = CARTESIAN_POINT ( 'NONE',  ( 47.00000000000000000, 52.50000000000000711, -3.000000000000000000 ) ) ;
#2498 = DIRECTION ( 'NONE',  ( -0.000000000000000000, -1.000000000000000000, -0.000000000000000000 ) ) ;
#2499 = VECTOR ( 'NONE', #972, 1000.000000000000000 ) ;
#2500 = CARTESIAN_POINT ( 'NONE',  ( 0.9999999999999861222, -42.50000000000000000, -55.09999999999997300 ) ) ;
#2501 = EDGE_CURVE ( 'NONE', #1881, #1475, #2288, .T. ) ;
#2502 = AXIS2_PLACEMENT_3D ( 'NONE', #1660, #1876, #106 ) ;
#2503 = EDGE_LOOP ( 'NONE', ( #1505, #672, #2189, #2018 ) ) ;
#2504 = CARTESIAN_POINT ( 'NONE',  ( 50.00000000000000000, 52.50000000000000000, -2.999999999999999112 ) ) ;
#2505 = CARTESIAN_POINT ( 'NONE',  ( 25.00000000000000000, 122.7079728939614824, -60.00000000000000711 ) ) ;
#2506 = VECTOR ( 'NONE', #1125, 1000.000000000000114 ) ;
#2507 = EDGE_CURVE ( 'NONE', #1665, #136, #445, .T. ) ;
#2508 = CARTESIAN_POINT ( 'NONE',  ( 25.00000000000000000, 52.49999999999999289, -60.00000000000000711 ) ) ;
#2509 = AXIS2_PLACEMENT_3D ( 'NONE', #2266, #1238, #1455 ) ;
#2510 = CARTESIAN_POINT ( 'NONE',  ( 60.00000000000000711, 42.50000000000000000, -17.10150000000007608 ) ) ;
#2511 = CARTESIAN_POINT ( 'NONE',  ( 0.9999999999999861222, -37.50000000000005684, -50.10000000000000142 ) ) ;
#2512 = AXIS2_PLACEMENT_3D ( 'NONE', #1820, #2604, #1568 ) ;
#2513 = DIRECTION ( 'NONE',  ( 0.000000000000000000, 0.000000000000000000, -1.000000000000000000 ) ) ;
#2514 = VERTEX_POINT ( 'NONE', #2098 ) ;
#2515 = CARTESIAN_POINT ( 'NONE',  ( 57.78857622930072324, 50.13125862417385292, -64.25304232336797838 ) ) ;
#2516 = ORIENTED_EDGE ( 'NONE', *, *, #974, .F. ) ;
#2517 = EDGE_LOOP ( 'NONE', ( #1963, #731, #918, #2607 ) ) ;
#2518 = CARTESIAN_POINT ( 'NONE',  ( 67.25793807736199881, 34.66408788571975208, -70.41299553528278921 ) ) ;
#2519 = EDGE_CURVE ( 'NONE', #993, #580, #2058, .T. ) ;
#2520 = DIRECTION ( 'NONE',  ( 0.000000000000000000, -0.000000000000000000, 1.000000000000000000 ) ) ;
#2521 = CARTESIAN_POINT ( 'NONE',  ( 16.20300000000002782, -42.50000000000000000, -60.10000000000000142 ) ) ;
#2522 = VECTOR ( 'NONE', #204, 1000.000000000000000 ) ;
#2523 = FACE_OUTER_BOUND ( 'NONE', #529, .T. ) ;
#2524 = EDGE_CURVE ( 'NONE', #1277, #2590, #1444, .T. ) ;
#2525 = ORIENTED_EDGE ( 'NONE', *, *, #485, .T. ) ;
#2526 = CARTESIAN_POINT ( 'NONE',  ( 16.20300000000002782, -32.70000000000000284, -50.10000000000000142 ) ) ;
#2527 = VERTEX_POINT ( 'NONE', #1290 ) ;
#2528 = DIRECTION ( 'NONE',  ( -1.000000000000000000, -0.000000000000000000, -0.000000000000000000 ) ) ;
#2529 = ORIENTED_EDGE ( 'NONE', *, *, #2121, .F. ) ;
#2530 = ORIENTED_EDGE ( 'NONE', *, *, #2271, .F. ) ;
#2531 = DIRECTION ( 'NONE',  ( 0.000000000000000000, 0.000000000000000000, 1.000000000000000000 ) ) ;
#2532 = FACE_OUTER_BOUND ( 'NONE', #812, .T. ) ;
#2533 = CARTESIAN_POINT ( 'NONE',  ( 80.00000000000000000, 42.50000000000000000, -66.99999999999997158 ) ) ;
#2534 = EDGE_LOOP ( 'NONE', ( #479, #57, #352, #2296 ) ) ;
#2535 = CARTESIAN_POINT ( 'NONE',  ( -10.00000000000000000, 42.50000000000000000, -69.99999999999998579 ) ) ;
#2536 = EDGE_CURVE ( 'NONE', #313, #2105, #909, .T. ) ;
#2537 = EDGE_CURVE ( 'NONE', #2206, #1765, #2125, .T. ) ;
#2538 = CARTESIAN_POINT ( 'NONE',  ( 70.02994438995133919, 33.60915827972792869, -66.24896569359140130 ) ) ;
#2539 = APPLICATION_CONTEXT ( 'automotive_design' ) ;
#2540 = CIRCLE ( 'NONE', #579, 2.149999999999999023 ) ;
#2541 = ORIENTED_EDGE ( 'NONE', *, *, #2575, .F. ) ;
#2542 = EDGE_LOOP ( 'NONE', ( #26, #1749 ) ) ;
#2543 = CARTESIAN_POINT ( 'NONE',  ( 66.16640357764808300, 33.31463501883472844, -69.93877643674083799 ) ) ;
#2544 = DIRECTION ( 'NONE',  ( 0.000000000000000000, 0.000000000000000000, -1.000000000000000000 ) ) ;
#2545 = CARTESIAN_POINT ( 'NONE',  ( 69.53241573776216455, 31.84370426241365237, -73.34291629588925332 ) ) ;
#2546 = VECTOR ( 'NONE', #1420, 1000.000000000000000 ) ;
#2547 = FACE_OUTER_BOUND ( 'NONE', #1057, .T. ) ;
#2548 = AXIS2_PLACEMENT_3D ( 'NONE', #1073, #1889, #1033 ) ;
#2549 = ORIENTED_EDGE ( 'NONE', *, *, #2139, .T. ) ;
#2550 = CARTESIAN_POINT ( 'NONE',  ( 73.27380217828540765, 31.68931814105059530, -69.53445717238842860 ) ) ;
#2551 = VECTOR ( 'NONE', #2277, 1000.000000000000000 ) ;
#2552 = VERTEX_POINT ( 'NONE', #460 ) ;
#2553 = ADVANCED_FACE ( 'NONE', ( #1711 ), #689, .F. ) ;
#2554 = EDGE_CURVE ( 'NONE', #2196, #1665, #52, .T. ) ;
#2555 = CARTESIAN_POINT ( 'NONE',  ( 71.20643872170482780, 34.87201066980232156, -67.10873110908097772 ) ) ;
#2556 = VERTEX_POINT ( 'NONE', #895 ) ;
#2557 = VERTEX_POINT ( 'NONE', #258 ) ;
#2558 = CARTESIAN_POINT ( 'NONE',  ( 50.00000000000000000, 52.50000000000000711, -2.999999999999999112 ) ) ;
#2559 = FACE_OUTER_BOUND ( 'NONE', #266, .T. ) ;
#2560 = CARTESIAN_POINT ( 'NONE',  ( 68.38238011746339851, 30.00010955873068852, -71.31138977530690681 ) ) ;
#2561 = DIRECTION ( 'NONE',  ( 0.000000000000000000, 0.000000000000000000, -1.000000000000000000 ) ) ;
#2562 = ORIENTED_EDGE ( 'NONE', *, *, #291, .T. ) ;
#2563 = VECTOR ( 'NONE', #2181, 1000.000000000000000 ) ;
#2564 = CARTESIAN_POINT ( 'NONE',  ( -30.00000000000000000, 62.50000000000000000, -89.00000000000001421 ) ) ;
#2565 = CARTESIAN_POINT ( 'NONE',  ( 6.938893903907228378E-15, 42.50000000000000000, 5.204170427930421283E-15 ) ) ;
#2566 = ORIENTED_EDGE ( 'NONE', *, *, #1385, .T. ) ;
#2567 = VECTOR ( 'NONE', #2329, 1000.000000000000000 ) ;
#2568 = CARTESIAN_POINT ( 'NONE',  ( 25.00000000000000000, 4.999999999999990230, -12.10150000000007608 ) ) ;
#2569 = EDGE_CURVE ( 'NONE', #385, #1939, #1157, .T. ) ;
#2570 = ORIENTED_EDGE ( 'NONE', *, *, #2020, .F. ) ;
#2571 = ORIENTED_EDGE ( 'NONE', *, *, #2519, .T. ) ;
#2572 = DIRECTION ( 'NONE',  ( 0.000000000000000000, -1.000000000000000000, 0.000000000000000000 ) ) ;
#2573 = CARTESIAN_POINT ( 'NONE',  ( 37.50000000000000000, 32.50000000000000000, -20.00000000000000000 ) ) ;
#2574 = CARTESIAN_POINT ( 'NONE',  ( 67.01217173860337084, 30.51727563169090374, -70.27800137354776666 ) ) ;
#2575 = EDGE_CURVE ( 'NONE', #2055, #143, #2356, .T. ) ;
#2576 = PLANE ( 'NONE',  #863 ) ;
#2577 = VERTEX_POINT ( 'NONE', #2137 ) ;
#2578 = LINE ( 'NONE', #98, #157 ) ;
#2579 = CARTESIAN_POINT ( 'NONE',  ( 70.34082372265604022, 30.84839244612956932, -66.45090364003696948 ) ) ;
#2580 = ORIENTED_EDGE ( 'NONE', *, *, #1991, .T. ) ;
#2581 = CARTESIAN_POINT ( 'NONE',  ( -15.00000000000000000, 42.50000000000000000, -72.84999999999999432 ) ) ;
#2582 = ORIENTED_EDGE ( 'NONE', *, *, #2675, .T. ) ;
#2583 = ORIENTED_EDGE ( 'NONE', *, *, #1870, .T. ) ;
#2584 = CARTESIAN_POINT ( 'NONE',  ( 47.00000000000000000, 32.50000000000000000, -57.00000000000000000 ) ) ;
#2585 = DIRECTION ( 'NONE',  ( -1.000000000000000000, 0.000000000000000000, 0.000000000000000000 ) ) ;
#2586 = CARTESIAN_POINT ( 'NONE',  ( 16.20300000000003493, 32.50000000000000000, -69.99999999999998579 ) ) ;
#2587 = AXIS2_PLACEMENT_3D ( 'NONE', #2496, #220, #1649 ) ;
#2588 = CARTESIAN_POINT ( 'NONE',  ( 65.00000000000000000, 42.50000000000000000, 17.14999999999999858 ) ) ;
#2589 = EDGE_CURVE ( 'NONE', #1212, #2282, #95, .T. ) ;
#2590 = VERTEX_POINT ( 'NONE', #2586 ) ;
#2591 = DIRECTION ( 'NONE',  ( -0.000000000000000000, 1.000000000000000000, -0.000000000000000000 ) ) ;
#2592 = VECTOR ( 'NONE', #315, 1000.000000000000000 ) ;
#2593 = CARTESIAN_POINT ( 'NONE',  ( 16.20300000000002782, -77.72675581599834516, -60.10000000000000142 ) ) ;
#2594 = ORIENTED_EDGE ( 'NONE', *, *, #755, .T. ) ;
#2595 = DIRECTION ( 'NONE',  ( 0.000000000000000000, 1.000000000000000000, 0.000000000000000000 ) ) ;
#2596 = VECTOR ( 'NONE', #16, 1000.000000000000000 ) ;
#2597 = CIRCLE ( 'NONE', #1067, 9.999999999999994671 ) ;
#2598 = VECTOR ( 'NONE', #2648, 1000.000000000000114 ) ;
#2599 = CARTESIAN_POINT ( 'NONE',  ( 71.32503792807280263, 34.91946478410378063, -67.21101352548394914 ) ) ;
#2600 = ORIENTED_EDGE ( 'NONE', *, *, #1087, .F. ) ;
#2601 = ORIENTED_EDGE ( 'NONE', *, *, #2460, .F. ) ;
#2602 = CARTESIAN_POINT ( 'NONE',  ( 69.33584070193414561, 34.15220099480205818, -72.78319566273640362 ) ) ;
#2603 = DIRECTION ( 'NONE',  ( -0.000000000000000000, -1.000000000000000000, -0.000000000000000000 ) ) ;
#2604 = DIRECTION ( 'NONE',  ( 0.000000000000000000, 0.000000000000000000, 1.000000000000000000 ) ) ;
#2605 = PLANE ( 'NONE',  #2651 ) ;
#2606 = ADVANCED_FACE ( 'NONE', ( #512 ), #1552, .T. ) ;
#2607 = ORIENTED_EDGE ( 'NONE', *, *, #1640, .T. ) ;
#2608 = PLANE ( 'NONE',  #374 ) ;
#2609 = CARTESIAN_POINT ( 'NONE',  ( 70.85593336233621642, 30.33202204704677740, -66.82437444439641183 ) ) ;
#2610 = VERTEX_POINT ( 'NONE', #870 ) ;
#2611 = ADVANCED_FACE ( 'NONE', ( #2532 ), #2327, .F. ) ;
#2612 = DIRECTION ( 'NONE',  ( 0.000000000000000000, 0.000000000000000000, -1.000000000000000000 ) ) ;
#2613 = AXIS2_PLACEMENT_3D ( 'NONE', #1451, #2481, #608 ) ;
#2614 = ORIENTED_EDGE ( 'NONE', *, *, #666, .T. ) ;
#2615 = VERTEX_POINT ( 'NONE', #2450 ) ;
#2616 = CARTESIAN_POINT ( 'NONE',  ( 69.44625426685071545, 33.76147795629803028, -73.07049123745363772 ) ) ;
#2617 = CARTESIAN_POINT ( 'NONE',  ( 47.00000000000000000, 42.50000000000000000, -57.00000000000000000 ) ) ;
#2618 = APPLICATION_PROTOCOL_DEFINITION ( 'draft international standard', 'automotive_design', 1998, #2539 ) ;
#2619 = DIRECTION ( 'NONE',  ( 0.7071067811865436870, 0.000000000000000000, -0.7071067811865513475 ) ) ;
#2620 = EDGE_LOOP ( 'NONE', ( #835, #547, #1300, #359, #2044, #1966, #536 ) ) ;
#2621 = DIRECTION ( 'NONE',  ( 0.000000000000000000, 0.000000000000000000, -1.000000000000000000 ) ) ;
#2622 = CARTESIAN_POINT ( 'NONE',  ( 25.00000000000000000, 52.50000000000000000, -60.00000000000000711 ) ) ;
#2623 = ORIENTED_EDGE ( 'NONE', *, *, #2053, .F. ) ;
#2624 = DIRECTION ( 'NONE',  ( -6.086749038515113044E-17, 0.000000000000000000, -1.000000000000000000 ) ) ;
#2625 = ADVANCED_FACE ( 'NONE', ( #2399 ), #1581, .T. ) ;
#2626 = EDGE_CURVE ( 'NONE', #1755, #1129, #1461, .T. ) ;
#2627 = ORIENTED_EDGE ( 'NONE', *, *, #2427, .T. ) ;
#2628 = ORIENTED_EDGE ( 'NONE', *, *, #987, .F. ) ;
#2629 = FACE_OUTER_BOUND ( 'NONE', #1136, .T. ) ;
#2630 = LINE ( 'NONE', #528, #2563 ) ;
#2631 = ORIENTED_EDGE ( 'NONE', *, *, #1502, .F. ) ;
#2632 = DIRECTION ( 'NONE',  ( -0.000000000000000000, 1.000000000000000000, -0.000000000000000000 ) ) ;
#2633 = CARTESIAN_POINT ( 'NONE',  ( 15.00000000000000000, 32.50000000000000000, -20.00000000000000000 ) ) ;
#2634 = VERTEX_POINT ( 'NONE', #2426 ) ;
#2635 = FACE_OUTER_BOUND ( 'NONE', #486, .T. ) ;
#2636 = AXIS2_PLACEMENT_3D ( 'NONE', #398, #1445, #1227 ) ;
#2637 = EDGE_CURVE ( 'NONE', #442, #501, #2250, .T. ) ;
#2638 = VECTOR ( 'NONE', #2183, 1000.000000000000000 ) ;
#2639 = VECTOR ( 'NONE', #560, 1000.000000000000000 ) ;
#2640 = ORIENTED_EDGE ( 'NONE', *, *, #2501, .F. ) ;
#2641 = ADVANCED_FACE ( 'NONE', ( #2194 ), #953, .F. ) ;
#2642 = VECTOR ( 'NONE', #734, 1000.000000000000000 ) ;
#2643 = DIRECTION ( 'NONE',  ( 0.000000000000000000, 0.000000000000000000, 1.000000000000000000 ) ) ;
#2644 = DIRECTION ( 'NONE',  ( 0.000000000000000000, -1.000000000000000000, 0.000000000000000000 ) ) ;
#2645 = DIRECTION ( 'NONE',  ( 0.000000000000000000, 0.000000000000000000, 1.000000000000000000 ) ) ;
#2646 = ORIENTED_EDGE ( 'NONE', *, *, #2090, .T. ) ;
#2647 = CARTESIAN_POINT ( 'NONE',  ( 0.9999999999999861222, -42.50000000000000000, -60.10000000000000142 ) ) ;
#2648 = DIRECTION ( 'NONE',  ( 0.000000000000000000, 0.9734171683335759440, -0.2290393337255473838 ) ) ;
#2649 = EDGE_LOOP ( 'NONE', ( #684, #1046, #609, #1894 ) ) ;
#2650 = CARTESIAN_POINT ( 'NONE',  ( -9.999999999999991118, 42.50000000000000000, 10.00000000000000000 ) ) ;
#2651 = AXIS2_PLACEMENT_3D ( 'NONE', #1347, #556, #2400 ) ;
#2652 = ORIENTED_EDGE ( 'NONE', *, *, #2240, .F. ) ;
#2653 = CIRCLE ( 'NONE', #1474, 12.99999999999999822 ) ;
#2654 = CARTESIAN_POINT ( 'NONE',  ( 60.55671366503357689, 22.50000000000000355, -77.48491689530911231 ) ) ;
#2655 = ADVANCED_FACE ( 'NONE', ( #555 ), #541, .F. ) ;
#2656 = CARTESIAN_POINT ( 'NONE',  ( -28.99999999999999645, 52.50000000000000000, -89.00000000000001421 ) ) ;
#2657 = LINE ( 'NONE', #787, #1514 ) ;
#2658 = VERTEX_POINT ( 'NONE', #1989 ) ;
#2659 = DIRECTION ( 'NONE',  ( 0.000000000000000000, 0.000000000000000000, -1.000000000000000000 ) ) ;
#2660 = EDGE_CURVE ( 'NONE', #678, #2381, #378, .T. ) ;
#2661 = CARTESIAN_POINT ( 'NONE',  ( 25.00000000000000355, 42.50000000000000000, 3.358719921572116057E-15 ) ) ;
#2662 = EDGE_LOOP ( 'NONE', ( #1489, #726, #1282, #1792 ) ) ;
#2663 = DIRECTION ( 'NONE',  ( 0.000000000000000000, -1.000000000000000000, 0.000000000000000000 ) ) ;
#2664 = CARTESIAN_POINT ( 'NONE',  ( 61.26382044622012302, 22.50000000000000355, -79.60623723886871517 ) ) ;
#2665 = DIRECTION ( 'NONE',  ( 0.000000000000000000, 0.000000000000000000, 1.000000000000000000 ) ) ;
#2666 = ORIENTED_EDGE ( 'NONE', *, *, #2290, .F. ) ;
#2667 = FACE_BOUND ( 'NONE', #1722, .T. ) ;
#2668 = LINE ( 'NONE', #77, #427 ) ;
#2669 = ADVANCED_FACE ( 'NONE', ( #1140 ), #938, .F. ) ;
#2670 = FACE_OUTER_BOUND ( 'NONE', #1173, .T. ) ;
#2671 = PLANE ( 'NONE',  #718 ) ;
#2672 = CARTESIAN_POINT ( 'NONE',  ( 0.9999999999999861222, 32.50000000000000000, -60.10000000000000142 ) ) ;
#2673 = ORIENTED_EDGE ( 'NONE', *, *, #1251, .T. ) ;
#2674 = DIRECTION ( 'NONE',  ( 0.000000000000000000, 0.000000000000000000, 1.000000000000000000 ) ) ;
#2675 = EDGE_CURVE ( 'NONE', #489, #683, #1680, .T. ) ;
#2676 = DIRECTION ( 'NONE',  ( -1.000000000000000000, 0.000000000000000000, -0.000000000000000000 ) ) ;
#2677 = AXIS2_PLACEMENT_3D ( 'NONE', #1801, #2595, #1996 ) ;
#2678 = LINE ( 'NONE', #809, #583 ) ;
#2679 = VECTOR ( 'NONE', #1253, 1000.000000000000000 ) ;
#2680 = ORIENTED_EDGE ( 'NONE', *, *, #2424, .F. ) ;
#2681 = AXIS2_PLACEMENT_3D ( 'NONE', #1058, #1248, #2531 ) ;
#2682 = LINE ( 'NONE', #1858, #2087 ) ;
#2683 = AXIS2_PLACEMENT_3D ( 'NONE', #2246, #2041, #176 ) ;
#2684 = DIRECTION ( 'NONE',  ( 0.000000000000000000, 0.000000000000000000, -1.000000000000000000 ) ) ;
#2685 = AXIS2_PLACEMENT_3D ( 'NONE', #791, #1008, #2403 ) ;
#2686 = ORIENTED_EDGE ( 'NONE', *, *, #681, .T. ) ;
#2687 = CARTESIAN_POINT ( 'NONE',  ( -8.999999999999992895, 42.50000000000000000, 9.000000000000001776 ) ) ;
#2688 = FACE_OUTER_BOUND ( 'NONE', #1337, .T. ) ;
#2689 = DIRECTION ( 'NONE',  ( 0.000000000000000000, 0.000000000000000000, -1.000000000000000000 ) ) ;
#2690 = CARTESIAN_POINT ( 'NONE',  ( 37.50000000000000000, 32.50000000000000000, -17.85000000000000142 ) ) ;
#2691 = LINE ( 'NONE', #46, #1153 ) ;
#2692 = EDGE_CURVE ( 'NONE', #877, #632, #1386, .T. ) ;
#2693 = ORIENTED_EDGE ( 'NONE', *, *, #1486, .T. ) ;
#2694 = VECTOR ( 'NONE', #967, 1000.000000000000000 ) ;
#2695 = PLANE ( 'NONE',  #472 ) ;
#2696 = ORIENTED_EDGE ( 'NONE', *, *, #2103, .T. ) ;
ENDSEC;
END-ISO-10303-21;
